"TRANSECT","01/01/1855 12:00:01 AM","01/01/1867 12:00:01 AM","08/01/1924 12:00:01 AM","10/01/1924 12:00:01 AM","11/24/1933 12:00:01 AM","05/12/1951 12:00:01 AM","04/18/1974 12:00:01 AM","12/29/2002 12:00:01 AM","11/25/2003 12:00:01 AM","03/01/2006 12:00:01 AM"
"1",NA,"Natural.Mean High Water Or Apparent.Marsh",NA,NA,"Natural.Mean High Water",NA,"Natural.Mean High Water Or Apparent.Marsh",NA,NA,NA
"2",NA,"Natural.Mean High Water Or Apparent.Marsh",NA,NA,"Natural.Mean High Water",NA,"Natural.Mean High Water Or Apparent.Marsh",NA,NA,NA
"3",NA,"Natural.Mean High Water Or Apparent.Marsh",NA,NA,"Natural.Mean High Water",NA,"Natural.Mean High Water Or Apparent.Marsh",NA,NA,NA
"4",NA,"Natural.Mean High Water Or Apparent.Marsh",NA,NA,"Natural.Mean High Water",NA,"Natural.Mean High Water Or Apparent.Marsh",NA,NA,NA
"5",NA,"Natural.Mean High Water Or Apparent.Marsh",NA,NA,"Natural.Mean High Water",NA,"Natural.Mean High Water Or Apparent.Marsh",NA,NA,NA
"6",NA,"Natural.Mean High Water Or Apparent.Marsh",NA,NA,"Natural.Mean High Water",NA,"Natural.Mean High Water Or Apparent.Marsh",NA,NA,NA
"7",NA,"Natural.Mean High Water Or Apparent.Marsh",NA,NA,"Natural.Mean High Water",NA,"Natural.Mean High Water Or Apparent.Marsh",NA,NA,NA
"8",NA,"Natural.Mean High Water Or Apparent.Marsh",NA,NA,"Natural.Mean High Water",NA,"Natural.Mean High Water Or Apparent.Marsh",NA,NA,NA
"9",NA,"Natural.Mean High Water Or Apparent.Marsh",NA,NA,"Natural.Mean High Water",NA,"Natural.Mean High Water Or Apparent.Marsh",NA,NA,NA
"10",NA,"Natural.Mean High Water Or Apparent.Marsh",NA,NA,"Natural.Mean High Water",NA,"Natural.Mean High Water Or Apparent.Marsh",NA,NA,NA
"11",NA,"Natural.Mean High Water Or Apparent.Marsh",NA,NA,"Natural.Mean High Water",NA,"Natural.Mean High Water Or Apparent.Marsh",NA,NA,NA
"12",NA,"Natural.Mean High Water Or Apparent.Marsh",NA,NA,"Natural.Mean High Water",NA,"Natural.Mean High Water Or Apparent.Marsh",NA,NA,NA
"13",NA,"Natural.Mean High Water Or Apparent.Marsh",NA,NA,"Natural.Mean High Water",NA,"Natural.Mean High Water Or Apparent.Marsh",NA,NA,NA
"14",NA,"Natural.Mean High Water Or Apparent.Marsh",NA,NA,"Natural.Mean High Water",NA,"Natural.Mean High Water Or Apparent.Marsh",NA,NA,NA
"15",NA,"Natural.Mean High Water Or Apparent.Marsh",NA,NA,"Natural.Mean High Water",NA,"Natural.Mean High Water Or Apparent.Marsh",NA,NA,NA
"16",NA,"Natural.Mean High Water Or Apparent.Marsh",NA,NA,"Natural.Mean High Water",NA,"Natural.Mean High Water Or Apparent.Marsh",NA,NA,NA
"17",NA,"Natural.Mean High Water Or Apparent.Marsh",NA,NA,"Natural.Mean High Water",NA,"Natural.Mean High Water Or Apparent.Marsh",NA,NA,NA
"18",NA,"Natural.Mean High Water Or Apparent.Marsh",NA,NA,"Natural.Mean High Water",NA,"Natural.Mean High Water Or Apparent.Marsh",NA,NA,NA
"19",NA,"Natural.Mean High Water Or Apparent.Marsh",NA,NA,"Natural.Mean High Water",NA,"Natural.Mean High Water Or Apparent.Marsh",NA,NA,NA
"20",NA,"Natural.Mean High Water Or Apparent.Marsh",NA,NA,"Natural.Mean High Water",NA,"Natural.Mean High Water Or Apparent.Marsh",NA,NA,NA
"21",NA,"Natural.Mean High Water Or Apparent.Marsh",NA,NA,"Natural.Mean High Water",NA,"Natural.Mean High Water Or Apparent.Marsh",NA,NA,NA
"22",NA,"Natural.Mean High Water Or Apparent.Marsh",NA,NA,"Natural.Mean High Water",NA,"Natural.Mean High Water Or Apparent.Marsh",NA,NA,NA
"23",NA,"Natural.Mean High Water Or Apparent.Marsh",NA,NA,"Natural.Mean High Water",NA,"Natural.Mean High Water Or Apparent.Marsh",NA,NA,NA
"24",NA,"Natural.Mean High Water Or Apparent.Marsh",NA,NA,"Natural.Mean High Water",NA,"Natural.Mean High Water Or Apparent.Marsh",NA,NA,NA
"25",NA,"Natural.Mean High Water Or Apparent.Marsh",NA,NA,"Natural.Mean High Water",NA,"Natural.Mean High Water Or Apparent.Marsh",NA,NA,NA
"26",NA,"Natural.Mean High Water Or Apparent.Marsh",NA,NA,"Natural.Mean High Water",NA,"Natural.Mean High Water Or Apparent.Marsh",NA,NA,NA
"27",NA,"Natural.Mean High Water Or Apparent.Marsh",NA,NA,"Natural.Mean High Water",NA,"Natural.Mean High Water Or Apparent.Marsh",NA,NA,NA
"28",NA,"Natural.Mean High Water Or Apparent.Marsh",NA,NA,"Natural.Mean High Water",NA,"Natural.Mean High Water Or Apparent.Marsh",NA,NA,NA
"29",NA,"Natural.Mean High Water Or Apparent.Marsh",NA,NA,"Natural.Mean High Water",NA,"Natural.Mean High Water Or Apparent.Marsh",NA,NA,NA
"30",NA,"Natural.Mean High Water Or Apparent.Marsh",NA,NA,"Natural.Mean High Water",NA,"Natural.Mean High Water Or Apparent.Marsh",NA,NA,NA
"31",NA,"Natural.Mean High Water Or Apparent.Marsh",NA,NA,"Natural.Mean High Water",NA,"Natural.Mean High Water Or Apparent.Marsh",NA,NA,NA
"32",NA,"Natural.Mean High Water Or Apparent.Marsh",NA,NA,"Natural.Mean High Water",NA,"Natural.Mean High Water Or Apparent.Marsh",NA,NA,NA
"33",NA,"Natural.Mean High Water Or Apparent.Marsh",NA,NA,"Natural.Mean High Water",NA,"Natural.Mean High Water Or Apparent.Marsh",NA,NA,NA
"34",NA,"Natural.Mean High Water Or Apparent.Marsh",NA,NA,"Natural.Mean High Water",NA,"Natural.Mean High Water Or Apparent.Marsh",NA,NA,NA
"35",NA,"Natural.Mean High Water Or Apparent.Marsh",NA,NA,"Natural.Mean High Water",NA,"Natural.Mean High Water Or Apparent.Marsh",NA,NA,NA
"36",NA,"Natural.Mean High Water Or Apparent.Marsh",NA,NA,"Natural.Mean High Water",NA,"Natural.Mean High Water Or Apparent.Marsh",NA,NA,NA
"37",NA,"Natural.Mean High Water Or Apparent.Marsh",NA,NA,"Natural.Mean High Water",NA,"Natural.Mean High Water Or Apparent.Marsh",NA,NA,NA
"38",NA,"Natural.Mean High Water Or Apparent.Marsh",NA,NA,"Natural.Mean High Water",NA,"Natural.Mean High Water Or Apparent.Marsh",NA,NA,NA
"39",NA,"Natural.Mean High Water Or Apparent.Marsh",NA,NA,"Natural.Mean High Water",NA,"Natural.Mean High Water Or Apparent.Marsh",NA,NA,NA
"40",NA,"Natural.Mean High Water Or Apparent.Marsh",NA,NA,"Natural.Mean High Water",NA,"Natural.Mean High Water Or Apparent.Marsh",NA,NA,NA
"41",NA,"Natural.Mean High Water Or Apparent.Marsh",NA,NA,"Natural.Mean High Water",NA,"Natural.Mean High Water Or Apparent.Marsh",NA,NA,NA
"42",NA,"Natural.Mean High Water Or Apparent.Marsh",NA,NA,"Natural.Mean High Water",NA,"Natural.Mean High Water Or Apparent.Marsh",NA,NA,NA
"43",NA,"Natural.Mean High Water Or Apparent.Marsh",NA,NA,"Natural.Mean High Water",NA,"Natural.Mean High Water Or Apparent.Marsh",NA,NA,NA
"44",NA,"Natural.Mean High Water Or Apparent.Marsh",NA,NA,"Natural.Mean High Water",NA,"Natural.Mean High Water Or Apparent.Marsh","Natural.Mean High Water",NA,NA
"45",NA,"Natural.Mean High Water Or Apparent.Marsh",NA,NA,"Natural.Mean High Water",NA,"Natural.Mean High Water Or Apparent.Marsh","Natural.Mean High Water",NA,NA
"46",NA,"Natural.Mean High Water Or Apparent.Marsh",NA,NA,"Natural.Mean High Water",NA,"Natural.Mean High Water Or Apparent.Marsh","Natural.Mean High Water",NA,NA
"47",NA,"Natural.Mean High Water Or Apparent.Marsh",NA,NA,"Natural.Mean High Water",NA,"Natural.Mean High Water Or Apparent.Marsh","Natural.Mean High Water",NA,NA
"48",NA,"Natural.Mean High Water Or Apparent.Marsh",NA,NA,"Natural.Mean High Water",NA,"Natural.Mean High Water Or Apparent.Marsh","Natural.Mean High Water",NA,NA
"49",NA,"Natural.Mean High Water Or Apparent.Marsh",NA,NA,"Natural.Mean High Water",NA,"Natural.Mean High Water Or Apparent.Marsh","Natural.Mean High Water",NA,NA
"50",NA,"Natural.Mean High Water Or Apparent.Marsh",NA,NA,"Natural.Mean High Water",NA,"Natural.Mean High Water Or Apparent.Marsh","Natural.Mean High Water",NA,NA
"51",NA,"Natural.Mean High Water Or Apparent.Marsh",NA,NA,"Natural.Mean High Water",NA,"Natural.Mean High Water Or Apparent.Marsh","Natural.Mean High Water",NA,NA
"52",NA,"Natural.Mean High Water Or Apparent.Marsh",NA,NA,"Natural.Mean High Water",NA,"Natural.Mean High Water Or Apparent.Marsh","Natural.Mean High Water",NA,NA
"53",NA,"Natural.Mean High Water Or Apparent.Marsh",NA,NA,"Natural.Mean High Water",NA,"Natural.Mean High Water Or Apparent.Marsh","Natural.Mean High Water",NA,NA
"54",NA,"Natural.Mean High Water Or Apparent.Marsh",NA,NA,"Natural.Mean High Water",NA,"Natural.Mean High Water Or Apparent.Marsh","Natural.Mean High Water",NA,NA
"55",NA,"Natural.Mean High Water Or Apparent.Marsh",NA,NA,"Natural.Mean High Water",NA,"Natural.Mean High Water Or Apparent.Marsh","Natural.Mean High Water",NA,NA
"56",NA,"Natural.Mean High Water Or Apparent.Marsh",NA,NA,"Natural.Mean High Water",NA,"Natural.Mean High Water Or Apparent.Marsh","Natural.Mean High Water",NA,NA
"57",NA,"Natural.Mean High Water Or Apparent.Marsh",NA,NA,"Natural.Mean High Water",NA,"Natural.Mean High Water Or Apparent.Marsh","Natural.Mean High Water",NA,NA
"58",NA,"Natural.Mean High Water Or Apparent.Marsh",NA,NA,"Natural.Mean High Water",NA,"Natural.Mean High Water Or Apparent.Marsh","Natural.Mean High Water",NA,NA
"59",NA,"Natural.Mean High Water Or Apparent.Marsh",NA,NA,"Natural.Mean High Water",NA,"Natural.Mean High Water Or Apparent.Marsh","Natural.Mean High Water",NA,NA
"60",NA,"Natural.Mean High Water Or Apparent.Marsh",NA,NA,"Natural.Mean High Water",NA,"Natural.Mean High Water Or Apparent.Marsh","Natural.Mean High Water",NA,NA
"61",NA,"Natural.Mean High Water Or Apparent.Marsh",NA,NA,"Natural.Mean High Water",NA,"Natural.Mean High Water Or Apparent.Marsh","Natural.Mean High Water",NA,NA
"62",NA,"Natural.Mean High Water Or Apparent.Marsh",NA,NA,"Natural.Mean High Water",NA,"Natural.Mean High Water Or Apparent.Marsh","Natural.Mean High Water",NA,NA
"63",NA,"Natural.Mean High Water Or Apparent.Marsh",NA,NA,"Natural.Mean High Water",NA,"Natural.Mean High Water Or Apparent.Marsh","Natural.Mean High Water",NA,NA
"64",NA,"Natural.Mean High Water Or Apparent.Marsh",NA,NA,"Natural.Mean High Water",NA,"Natural.Mean High Water Or Apparent.Marsh","Natural.Mean High Water",NA,NA
"65",NA,"Natural.Mean High Water Or Apparent.Marsh",NA,NA,"Natural.Mean High Water",NA,"Natural.Mean High Water Or Apparent.Marsh","Natural.Mean High Water",NA,NA
"66",NA,"Natural.Mean High Water Or Apparent.Marsh",NA,NA,"Natural.Mean High Water",NA,"Natural.Mean High Water Or Apparent.Marsh","Natural.Mean High Water",NA,NA
"67",NA,"Natural.Mean High Water Or Apparent.Marsh",NA,NA,"Natural.Mean High Water",NA,"Natural.Mean High Water Or Apparent.Marsh","Natural.Mean High Water",NA,NA
"68",NA,"Natural.Mean High Water Or Apparent.Marsh",NA,NA,"Natural.Mean High Water",NA,"Natural.Mean High Water Or Apparent.Marsh","Natural.Apparent.Marsh Or Swamp",NA,NA
"69",NA,"Natural.Mean High Water Or Apparent.Marsh",NA,NA,"Natural.Mean High Water",NA,"Natural.Mean High Water Or Apparent.Marsh","Natural.Apparent.Marsh Or Swamp",NA,NA
"70",NA,"Natural.Mean High Water Or Apparent.Marsh",NA,NA,"Natural.Mean High Water",NA,"Natural.Mean High Water Or Apparent.Marsh","Natural.Apparent.Marsh Or Swamp",NA,NA
"71",NA,"Natural.Mean High Water Or Apparent.Marsh",NA,NA,"Natural.Mean High Water",NA,"Natural.Mean High Water Or Apparent.Marsh","Natural.Apparent.Marsh Or Swamp",NA,NA
"72",NA,"Natural.Mean High Water Or Apparent.Marsh",NA,NA,"Natural.Apparent.Marsh Or Swamp",NA,"Natural.Mean High Water Or Apparent.Marsh","Natural.Mean High Water",NA,NA
"73",NA,"Natural.Mean High Water Or Apparent.Marsh",NA,NA,"Natural.Apparent.Marsh Or Swamp",NA,"Natural.Mean High Water Or Apparent.Marsh","Natural.Mean High Water",NA,NA
"74",NA,"Natural.Mean High Water Or Apparent.Marsh",NA,NA,"Natural.Apparent.Marsh Or Swamp",NA,"Natural.Mean High Water Or Apparent.Marsh","Natural.Mean High Water",NA,NA
"75",NA,"Natural.Mean High Water Or Apparent.Marsh",NA,NA,"Natural.Apparent.Marsh Or Swamp",NA,"Natural.Mean High Water Or Apparent.Marsh","Natural.Mean High Water",NA,NA
"76",NA,"Natural.Mean High Water Or Apparent.Marsh",NA,NA,"Natural.Apparent.Marsh Or Swamp",NA,"Natural.Mean High Water Or Apparent.Marsh","Natural.Mean High Water",NA,NA
"77",NA,"Natural.Mean High Water Or Apparent.Marsh",NA,NA,"Natural.Apparent.Marsh Or Swamp",NA,"Natural.Mean High Water Or Apparent.Marsh","Natural.Mean High Water",NA,NA
"78",NA,"Natural.Mean High Water Or Apparent.Marsh",NA,NA,"Natural.Apparent.Marsh Or Swamp",NA,"Natural.Mean High Water Or Apparent.Marsh","Natural.Mean High Water",NA,NA
"79",NA,"Natural.Mean High Water Or Apparent.Marsh",NA,NA,"Natural.Apparent.Marsh Or Swamp",NA,"Natural.Mean High Water Or Apparent.Marsh","Natural.Apparent.Marsh Or Swamp",NA,NA
"80",NA,"Natural.Mean High Water Or Apparent.Marsh",NA,NA,"Natural.Apparent.Marsh Or Swamp",NA,"Natural.Mean High Water Or Apparent.Marsh","Natural.Apparent.Marsh Or Swamp",NA,NA
"81",NA,"Natural.Mean High Water Or Apparent.Marsh",NA,NA,"Natural.Apparent.Marsh Or Swamp",NA,"Natural.Mean High Water Or Apparent.Marsh","Natural.Apparent.Marsh Or Swamp",NA,NA
"82",NA,"Natural.Mean High Water Or Apparent.Marsh",NA,NA,"Natural.Apparent.Marsh Or Swamp",NA,"Natural.Mean High Water Or Apparent.Marsh","Natural.Apparent.Marsh Or Swamp",NA,NA
"83",NA,"Natural.Mean High Water Or Apparent.Marsh",NA,NA,"Natural.Apparent.Marsh Or Swamp",NA,"Natural.Mean High Water Or Apparent.Marsh","Natural.Mean High Water",NA,NA
"84",NA,"Natural.Mean High Water Or Apparent.Marsh",NA,NA,"Natural.Apparent.Marsh Or Swamp",NA,"Natural.Mean High Water Or Apparent.Marsh","Natural.Mean High Water",NA,NA
"85",NA,"Natural.Mean High Water Or Apparent.Marsh",NA,NA,"Natural.Apparent.Marsh Or Swamp",NA,"Natural.Mean High Water Or Apparent.Marsh","Natural.Apparent.Marsh Or Swamp",NA,NA
"86",NA,"Natural.Mean High Water Or Apparent.Marsh",NA,NA,"Natural.Apparent.Marsh Or Swamp",NA,"Natural.Mean High Water Or Apparent.Marsh","Natural.Mean High Water",NA,NA
"87",NA,"Natural.Mean High Water Or Apparent.Marsh",NA,NA,"Natural.Apparent.Marsh Or Swamp",NA,"Natural.Mean High Water Or Apparent.Marsh","Natural.Apparent.Marsh Or Swamp",NA,NA
"88",NA,"Natural.Mean High Water Or Apparent.Marsh",NA,NA,"Natural.Apparent.Marsh Or Swamp",NA,"Natural.Mean High Water Or Apparent.Marsh","Natural.Mean High Water",NA,NA
"89",NA,"Natural.Mean High Water Or Apparent.Marsh",NA,NA,"Natural.Apparent.Marsh Or Swamp",NA,"Natural.Mean High Water Or Apparent.Marsh","Natural.Mean High Water",NA,NA
"90",NA,"Natural.Mean High Water Or Apparent.Marsh",NA,NA,"Natural.Apparent.Marsh Or Swamp",NA,"Natural.Mean High Water Or Apparent.Marsh","Natural.Mean High Water",NA,NA
"91",NA,"Natural.Mean High Water Or Apparent.Marsh",NA,NA,"Natural.Apparent.Marsh Or Swamp",NA,"Natural.Mean High Water Or Apparent.Marsh","Natural.Mean High Water",NA,NA
"92",NA,"Natural.Mean High Water Or Apparent.Marsh",NA,NA,"Natural.Apparent.Marsh Or Swamp",NA,"Natural.Mean High Water Or Apparent.Marsh","Natural.Mean High Water",NA,NA
"93",NA,"Natural.Mean High Water Or Apparent.Marsh",NA,NA,"Natural.Apparent.Marsh Or Swamp",NA,"Natural.Mean High Water Or Apparent.Marsh","Natural.Mean High Water",NA,NA
"94",NA,"Natural.Mean High Water Or Apparent.Marsh",NA,NA,"Natural.Apparent.Marsh Or Swamp",NA,"Natural.Mean High Water Or Apparent.Marsh","Natural.Mean High Water",NA,NA
"95",NA,"Natural.Mean High Water Or Apparent.Marsh",NA,NA,"Natural.Apparent.Marsh Or Swamp",NA,"Natural.Mean High Water Or Apparent.Marsh","Natural.Mean High Water",NA,NA
"96",NA,"Natural.Mean High Water Or Apparent.Marsh",NA,NA,"Natural.Apparent.Marsh Or Swamp",NA,"Natural.Mean High Water Or Apparent.Marsh","Natural.Mean High Water",NA,NA
"97",NA,"Natural.Mean High Water Or Apparent.Marsh",NA,NA,"Natural.Apparent.Marsh Or Swamp",NA,"Natural.Mean High Water Or Apparent.Marsh","Natural.Mean High Water",NA,NA
"98",NA,"Natural.Mean High Water Or Apparent.Marsh",NA,NA,"Natural.Apparent.Marsh Or Swamp",NA,"Natural.Mean High Water Or Apparent.Marsh","Natural.Mean High Water",NA,NA
"99",NA,"Natural.Mean High Water Or Apparent.Marsh",NA,NA,"Natural.Apparent.Marsh Or Swamp",NA,"Natural.Mean High Water Or Apparent.Marsh","Natural.Mean High Water",NA,NA
"100",NA,"Natural.Mean High Water Or Apparent.Marsh",NA,NA,"Natural.Apparent.Marsh Or Swamp",NA,"Natural.Mean High Water Or Apparent.Marsh","Natural.Mean High Water",NA,NA
"101",NA,"Natural.Mean High Water Or Apparent.Marsh",NA,NA,"Natural.Apparent.Marsh Or Swamp",NA,"Natural.Mean High Water Or Apparent.Marsh","Natural.Mean High Water",NA,NA
"102",NA,"Natural.Mean High Water Or Apparent.Marsh",NA,NA,"Natural.Apparent.Marsh Or Swamp",NA,"Natural.Mean High Water Or Apparent.Marsh","Natural.Mean High Water",NA,NA
"103",NA,"Natural.Mean High Water Or Apparent.Marsh",NA,NA,"Natural.Apparent.Marsh Or Swamp",NA,"Natural.Mean High Water Or Apparent.Marsh","Natural.Mean High Water",NA,NA
"104",NA,"Natural.Mean High Water Or Apparent.Marsh",NA,NA,"Natural.Apparent.Marsh Or Swamp",NA,"Natural.Mean High Water Or Apparent.Marsh","Natural.Mean High Water",NA,NA
"105",NA,"Natural.Mean High Water Or Apparent.Marsh",NA,NA,"Natural.Apparent.Marsh Or Swamp",NA,"Natural.Mean High Water Or Apparent.Marsh","Natural.Mean High Water",NA,NA
"106",NA,"Natural.Mean High Water Or Apparent.Marsh",NA,NA,"Natural.Apparent.Marsh Or Swamp",NA,"Natural.Mean High Water Or Apparent.Marsh","Natural.Mean High Water",NA,NA
"107",NA,"Natural.Mean High Water Or Apparent.Marsh",NA,NA,"Natural.Apparent.Marsh Or Swamp",NA,"Natural.Mean High Water Or Apparent.Marsh","Natural.Mean High Water",NA,NA
"108",NA,"Natural.Mean High Water Or Apparent.Marsh",NA,NA,"Natural.Apparent.Marsh Or Swamp",NA,"Natural.Mean High Water Or Apparent.Marsh","Natural.Mean High Water",NA,NA
"109",NA,"Natural.Mean High Water Or Apparent.Marsh",NA,NA,"Natural.Apparent.Marsh Or Swamp",NA,"Natural.Mean High Water Or Apparent.Marsh","Natural.Mean High Water",NA,NA
"110",NA,"Natural.Mean High Water Or Apparent.Marsh",NA,NA,"Natural.Apparent.Marsh Or Swamp",NA,"Natural.Mean High Water Or Apparent.Marsh","Natural.Mean High Water",NA,NA
"111",NA,"Natural.Mean High Water Or Apparent.Marsh",NA,NA,NA,NA,"Natural.Mean High Water Or Apparent.Marsh","Natural.Mean High Water",NA,NA
"112",NA,"Natural.Mean High Water Or Apparent.Marsh",NA,NA,"Natural.Apparent.Marsh Or Swamp",NA,"Natural.Mean High Water Or Apparent.Marsh","Natural.Mean High Water",NA,NA
"113",NA,"Natural.Mean High Water Or Apparent.Marsh",NA,NA,"Natural.Apparent.Marsh Or Swamp",NA,"Natural.Mean High Water Or Apparent.Marsh","Natural.Mean High Water",NA,NA
"114",NA,"Natural.Mean High Water Or Apparent.Marsh",NA,NA,"Natural.Apparent.Marsh Or Swamp",NA,"Natural.Mean High Water Or Apparent.Marsh","Natural.Mean High Water",NA,NA
"115",NA,"Natural.Mean High Water Or Apparent.Marsh",NA,NA,"Natural.Mean High Water",NA,"Natural.Mean High Water Or Apparent.Marsh","Natural.Mean High Water",NA,NA
"116",NA,"Natural.Mean High Water Or Apparent.Marsh",NA,NA,"Natural.Apparent.Marsh Or Swamp",NA,"Natural.Mean High Water Or Apparent.Marsh","Natural.Mean High Water",NA,NA
"117",NA,"Natural.Mean High Water Or Apparent.Marsh",NA,NA,"Natural.Mean High Water",NA,"Natural.Mean High Water Or Apparent.Marsh","Natural.Mean High Water",NA,NA
"118",NA,"Natural.Mean High Water Or Apparent.Marsh",NA,NA,"Natural.Apparent.Marsh Or Swamp",NA,"Natural.Mean High Water Or Apparent.Marsh","Natural.Mean High Water",NA,NA
"119",NA,"Natural.Mean High Water Or Apparent.Marsh",NA,NA,"Natural.Apparent.Marsh Or Swamp",NA,"Natural.Mean High Water Or Apparent.Marsh","Natural.Mean High Water",NA,NA
"120",NA,"Natural.Mean High Water Or Apparent.Marsh",NA,NA,"Natural.Apparent.Marsh Or Swamp",NA,"Natural.Mean High Water Or Apparent.Marsh","Natural.Mean High Water",NA,NA
"121",NA,"Natural.Mean High Water Or Apparent.Marsh",NA,NA,"Natural.Apparent.Marsh Or Swamp",NA,"Natural.Mean High Water Or Apparent.Marsh","Natural.Mean High Water",NA,NA
"122",NA,"Natural.Mean High Water Or Apparent.Marsh",NA,NA,"Natural.Apparent.Marsh Or Swamp",NA,"Natural.Mean High Water Or Apparent.Marsh","Natural.Mean High Water",NA,NA
"123",NA,"Natural.Mean High Water Or Apparent.Marsh",NA,NA,"Natural.Apparent.Marsh Or Swamp",NA,"Natural.Mean High Water Or Apparent.Marsh","Natural.Mean High Water",NA,NA
"124",NA,"Natural.Mean High Water Or Apparent.Marsh",NA,NA,"Natural.Apparent.Marsh Or Swamp",NA,"Natural.Mean High Water Or Apparent.Marsh","Natural.Mean High Water",NA,NA
"125",NA,"Natural.Mean High Water Or Apparent.Marsh",NA,NA,"Natural.Apparent.Marsh Or Swamp",NA,"Natural.Mean High Water Or Apparent.Marsh","Natural.Mean High Water",NA,NA
"126",NA,"Natural.Mean High Water Or Apparent.Marsh",NA,NA,"Natural.Apparent.Marsh Or Swamp",NA,"Natural.Mean High Water Or Apparent.Marsh","Natural.Mean High Water",NA,NA
"127",NA,"Natural.Mean High Water Or Apparent.Marsh",NA,NA,"Natural.Apparent.Marsh Or Swamp",NA,"Natural.Mean High Water Or Apparent.Marsh","Natural.Mean High Water",NA,NA
"128",NA,"Natural.Mean High Water Or Apparent.Marsh",NA,NA,"Natural.Apparent.Marsh Or Swamp",NA,"Natural.Mean High Water Or Apparent.Marsh","Natural.Mean High Water",NA,NA
"129",NA,"Natural.Mean High Water Or Apparent.Marsh",NA,NA,"Natural.Mean High Water",NA,"Natural.Mean High Water Or Apparent.Marsh","Natural.Mean High Water",NA,NA
"130",NA,"Natural.Mean High Water Or Apparent.Marsh",NA,NA,"Natural.Apparent.Marsh Or Swamp",NA,"Natural.Mean High Water Or Apparent.Marsh","Natural.Apparent.Marsh Or Swamp",NA,NA
"131",NA,"Natural.Mean High Water Or Apparent.Marsh",NA,NA,"Natural.Apparent.Marsh Or Swamp",NA,"Natural.Mean High Water Or Apparent.Marsh","Natural.Apparent.Marsh Or Swamp",NA,NA
"132",NA,"Natural.Mean High Water Or Apparent.Marsh",NA,NA,"Natural.Apparent.Marsh Or Swamp",NA,"Natural.Mean High Water Or Apparent.Marsh","Natural.Apparent.Marsh Or Swamp",NA,NA
"133",NA,"Natural.Mean High Water Or Apparent.Marsh",NA,NA,"Natural.Apparent.Marsh Or Swamp",NA,"Natural.Mean High Water Or Apparent.Marsh","Natural.Apparent.Marsh Or Swamp",NA,NA
"134",NA,"Natural.Mean High Water Or Apparent.Marsh",NA,NA,"Natural.Apparent.Marsh Or Swamp",NA,"Natural.Mean High Water Or Apparent.Marsh","Natural.Apparent.Marsh Or Swamp",NA,NA
"135",NA,"Natural.Mean High Water Or Apparent.Marsh",NA,NA,"Natural.Apparent.Marsh Or Swamp",NA,"Natural.Mean High Water Or Apparent.Marsh","Natural.Mean High Water",NA,NA
"136",NA,"Natural.Mean High Water Or Apparent.Marsh",NA,NA,"Natural.Apparent.Marsh Or Swamp",NA,"Natural.Mean High Water Or Apparent.Marsh","Natural.Apparent.Marsh Or Swamp",NA,NA
"137",NA,"Natural.Mean High Water Or Apparent.Marsh",NA,NA,"Natural.Apparent.Marsh Or Swamp",NA,"Natural.Mean High Water Or Apparent.Marsh","Natural.Apparent.Marsh Or Swamp",NA,NA
"138",NA,"Natural.Mean High Water Or Apparent.Marsh",NA,NA,"Natural.Apparent.Marsh Or Swamp",NA,"Natural.Mean High Water Or Apparent.Marsh","Natural.Apparent.Marsh Or Swamp",NA,NA
"139",NA,"Natural.Mean High Water Or Apparent.Marsh",NA,NA,"Natural.Apparent.Marsh Or Swamp",NA,"Natural.Mean High Water Or Apparent.Marsh","Natural.Apparent.Marsh Or Swamp",NA,NA
"140",NA,"Natural.Mean High Water Or Apparent.Marsh",NA,NA,"Natural.Apparent.Marsh Or Swamp",NA,"Natural.Mean High Water Or Apparent.Marsh","Natural.Apparent.Marsh Or Swamp",NA,NA
"141",NA,"Natural.Mean High Water Or Apparent.Marsh",NA,NA,"Natural.Apparent.Marsh Or Swamp",NA,"Natural.Mean High Water Or Apparent.Marsh","Natural.Apparent.Marsh Or Swamp",NA,NA
"142",NA,"Natural.Mean High Water Or Apparent.Marsh",NA,NA,"Natural.Apparent.Marsh Or Swamp",NA,"Natural.Mean High Water Or Apparent.Marsh","Natural.Apparent.Marsh Or Swamp",NA,NA
"143",NA,"Natural.Mean High Water Or Apparent.Marsh",NA,NA,"Natural.Apparent.Marsh Or Swamp",NA,"Natural.Mean High Water Or Apparent.Marsh","Natural.Apparent.Marsh Or Swamp",NA,NA
"144",NA,"Natural.Mean High Water Or Apparent.Marsh",NA,NA,"Natural.Apparent.Marsh Or Swamp",NA,"Natural.Mean High Water Or Apparent.Marsh","Natural.Apparent.Marsh Or Swamp",NA,NA
"145",NA,"Natural.Mean High Water Or Apparent.Marsh",NA,NA,"Natural.Apparent.Marsh Or Swamp",NA,"Natural.Mean High Water Or Apparent.Marsh","Natural.Apparent.Marsh Or Swamp",NA,NA
"146",NA,"Natural.Mean High Water Or Apparent.Marsh",NA,NA,"Natural.Apparent.Marsh Or Swamp",NA,"Natural.Mean High Water Or Apparent.Marsh","Natural.Apparent.Marsh Or Swamp",NA,NA
"147",NA,"Natural.Mean High Water Or Apparent.Marsh",NA,NA,"Natural.Apparent.Marsh Or Swamp",NA,"Natural.Mean High Water Or Apparent.Marsh","Natural.Apparent.Marsh Or Swamp",NA,NA
"148",NA,"Natural.Mean High Water Or Apparent.Marsh",NA,NA,"Natural.Apparent.Marsh Or Swamp",NA,"Natural.Mean High Water Or Apparent.Marsh","Natural.Apparent.Marsh Or Swamp",NA,NA
"149",NA,"Natural.Mean High Water Or Apparent.Marsh",NA,NA,"Natural.Apparent.Marsh Or Swamp",NA,"Natural.Mean High Water Or Apparent.Marsh","Natural.Apparent.Marsh Or Swamp",NA,NA
"150",NA,"Natural.Mean High Water Or Apparent.Marsh",NA,NA,"Natural.Apparent.Marsh Or Swamp",NA,"Natural.Mean High Water Or Apparent.Marsh","Natural.Apparent.Marsh Or Swamp",NA,NA
"151",NA,"Natural.Mean High Water Or Apparent.Marsh",NA,NA,"Natural.Apparent.Marsh Or Swamp",NA,"Natural.Mean High Water Or Apparent.Marsh","Natural.Apparent.Marsh Or Swamp",NA,NA
"152",NA,"Natural.Mean High Water Or Apparent.Marsh",NA,NA,"Natural.Apparent.Marsh Or Swamp",NA,"Natural.Mean High Water Or Apparent.Marsh","Natural.Apparent.Marsh Or Swamp",NA,NA
"153",NA,"Natural.Mean High Water Or Apparent.Marsh",NA,NA,"Natural.Apparent.Marsh Or Swamp",NA,"Natural.Mean High Water Or Apparent.Marsh","Natural.Apparent.Marsh Or Swamp",NA,NA
"154",NA,"Natural.Mean High Water Or Apparent.Marsh",NA,NA,"Natural.Apparent.Marsh Or Swamp",NA,"Natural.Mean High Water Or Apparent.Marsh","Natural.Apparent.Marsh Or Swamp",NA,NA
"155",NA,"Natural.Mean High Water Or Apparent.Marsh",NA,NA,"Natural.Apparent.Marsh Or Swamp",NA,"Natural.Mean High Water Or Apparent.Marsh","Natural.Apparent.Marsh Or Swamp",NA,NA
"156",NA,"Natural.Mean High Water Or Apparent.Marsh",NA,NA,"Natural.Apparent.Marsh Or Swamp",NA,"Natural.Mean High Water Or Apparent.Marsh","Natural.Apparent.Marsh Or Swamp",NA,NA
"157",NA,"Natural.Mean High Water Or Apparent.Marsh",NA,NA,"Natural.Mean High Water",NA,"Natural.Mean High Water Or Apparent.Marsh","Natural.Apparent.Marsh Or Swamp",NA,NA
"158",NA,"Natural.Mean High Water Or Apparent.Marsh",NA,NA,"Man-made",NA,"Natural.Mean High Water Or Apparent.Marsh","Man-made.Bulkhead Or Sea Wall",NA,NA
"159",NA,"Natural.Mean High Water Or Apparent.Marsh",NA,NA,"Man-made",NA,"Natural.Mean High Water Or Apparent.Marsh","Man-made.Bulkhead Or Sea Wall",NA,NA
"160",NA,"Natural.Mean High Water Or Apparent.Marsh",NA,NA,"Man-made",NA,"Natural.Mean High Water Or Apparent.Marsh","Man-made.Bulkhead Or Sea Wall",NA,NA
"161",NA,"Natural.Mean High Water Or Apparent.Marsh",NA,NA,"Man-made",NA,"Natural.Mean High Water Or Apparent.Marsh","Man-made.Bulkhead Or Sea Wall",NA,NA
"162",NA,"Natural.Mean High Water Or Apparent.Marsh",NA,NA,"Man-made",NA,"Natural.Mean High Water Or Apparent.Marsh","Man-made.Bulkhead Or Sea Wall",NA,NA
"163",NA,"Natural.Mean High Water Or Apparent.Marsh",NA,NA,"Natural.Apparent.Marsh Or Swamp",NA,"Natural.Mean High Water Or Apparent.Marsh","Man-made.Bulkhead Or Sea Wall",NA,NA
"164",NA,"Natural.Mean High Water Or Apparent.Marsh",NA,NA,"Natural.Apparent.Marsh Or Swamp",NA,"Natural.Mean High Water Or Apparent.Marsh","Man-made.Bulkhead Or Sea Wall",NA,NA
"165",NA,"Natural.Mean High Water Or Apparent.Marsh",NA,NA,"Natural.Apparent.Marsh Or Swamp",NA,"Natural.Mean High Water Or Apparent.Marsh","Man-made.Bulkhead Or Sea Wall",NA,NA
"166",NA,"Natural.Mean High Water Or Apparent.Marsh",NA,NA,"Natural.Apparent.Marsh Or Swamp",NA,"Natural.Mean High Water Or Apparent.Marsh","Natural.Apparent.Marsh Or Swamp",NA,NA
"167",NA,"Natural.Mean High Water Or Apparent.Marsh",NA,NA,"Natural.Apparent.Marsh Or Swamp",NA,"Natural.Mean High Water Or Apparent.Marsh","Natural.Apparent.Marsh Or Swamp",NA,NA
"168",NA,"Natural.Mean High Water Or Apparent.Marsh",NA,NA,"Natural.Apparent.Marsh Or Swamp",NA,"Natural.Mean High Water Or Apparent.Marsh","Natural.Apparent.Marsh Or Swamp",NA,NA
"169",NA,"Natural.Mean High Water Or Apparent.Marsh",NA,NA,"Natural.Apparent.Marsh Or Swamp",NA,"Natural.Mean High Water Or Apparent.Marsh","Natural.Apparent.Marsh Or Swamp",NA,NA
"170",NA,"Natural.Mean High Water Or Apparent.Marsh",NA,NA,"Natural.Apparent.Marsh Or Swamp",NA,"Natural.Mean High Water Or Apparent.Marsh","Natural.Apparent.Marsh Or Swamp",NA,NA
"171",NA,"Natural.Mean High Water Or Apparent.Marsh",NA,NA,"Natural.Apparent.Marsh Or Swamp",NA,"Natural.Mean High Water Or Apparent.Marsh","Natural.Apparent.Marsh Or Swamp",NA,NA
"172",NA,"Natural.Mean High Water Or Apparent.Marsh",NA,NA,"Natural.Apparent.Marsh Or Swamp",NA,"Natural.Mean High Water Or Apparent.Marsh","Natural.Apparent.Marsh Or Swamp",NA,NA
"173",NA,"Natural.Mean High Water Or Apparent.Marsh",NA,NA,"Natural.Apparent.Marsh Or Swamp",NA,"Natural.Mean High Water Or Apparent.Marsh","Natural.Apparent.Marsh Or Swamp",NA,NA
"174",NA,"Natural.Mean High Water Or Apparent.Marsh",NA,NA,"Natural.Apparent.Marsh Or Swamp",NA,"Natural.Mean High Water Or Apparent.Marsh","Natural.Apparent.Marsh Or Swamp",NA,NA
"175",NA,"Natural.Mean High Water Or Apparent.Marsh",NA,NA,"Natural.Apparent.Marsh Or Swamp",NA,"Natural.Mean High Water Or Apparent.Marsh","Natural.Apparent.Marsh Or Swamp",NA,NA
"176",NA,"Natural.Mean High Water Or Apparent.Marsh",NA,NA,"Natural.Apparent.Marsh Or Swamp",NA,"Natural.Mean High Water Or Apparent.Marsh","Natural.Apparent.Marsh Or Swamp",NA,NA
"177","Natural.Mean High Water Or Apparent.Marsh","Natural.Mean High Water Or Apparent.Marsh",NA,NA,"Natural.Apparent.Marsh Or Swamp",NA,"Natural.Mean High Water Or Apparent.Marsh","Natural.Apparent.Marsh Or Swamp",NA,NA
"178","Natural.Mean High Water Or Apparent.Marsh","Natural.Mean High Water Or Apparent.Marsh",NA,NA,"Natural.Apparent.Marsh Or Swamp",NA,"Natural.Mean High Water Or Apparent.Marsh","Natural.Apparent.Marsh Or Swamp",NA,NA
"179","Natural.Mean High Water Or Apparent.Marsh","Natural.Mean High Water Or Apparent.Marsh",NA,NA,"Natural.Apparent.Marsh Or Swamp",NA,"Natural.Mean High Water Or Apparent.Marsh","Natural.Apparent.Marsh Or Swamp",NA,NA
"180","Natural.Mean High Water Or Apparent.Marsh","Natural.Mean High Water Or Apparent.Marsh",NA,NA,"Natural.Apparent.Marsh Or Swamp",NA,"Natural.Mean High Water Or Apparent.Marsh","Natural.Apparent.Marsh Or Swamp",NA,NA
"181","Natural.Mean High Water Or Apparent.Marsh","Natural.Mean High Water Or Apparent.Marsh",NA,NA,"Natural.Apparent.Marsh Or Swamp",NA,"Natural.Mean High Water Or Apparent.Marsh","Natural.Apparent.Marsh Or Swamp",NA,NA
"182","Natural.Mean High Water Or Apparent.Marsh","Natural.Mean High Water Or Apparent.Marsh",NA,NA,"Natural.Apparent.Marsh Or Swamp",NA,"Natural.Mean High Water Or Apparent.Marsh","Natural.Apparent.Marsh Or Swamp",NA,NA
"183","Natural.Mean High Water Or Apparent.Marsh","Natural.Mean High Water Or Apparent.Marsh",NA,NA,"Natural.Apparent.Marsh Or Swamp",NA,"Natural.Mean High Water Or Apparent.Marsh","Natural.Apparent.Marsh Or Swamp",NA,NA
"184","Natural.Mean High Water Or Apparent.Marsh","Natural.Mean High Water Or Apparent.Marsh",NA,NA,"Natural.Apparent.Marsh Or Swamp",NA,"Natural.Mean High Water Or Apparent.Marsh","Natural.Apparent.Marsh Or Swamp",NA,NA
"185","Natural.Mean High Water Or Apparent.Marsh","Natural.Mean High Water Or Apparent.Marsh",NA,NA,"Natural.Apparent.Marsh Or Swamp",NA,"Natural.Mean High Water Or Apparent.Marsh","Natural.Apparent.Marsh Or Swamp",NA,NA
"186","Natural.Mean High Water Or Apparent.Marsh","Natural.Mean High Water Or Apparent.Marsh",NA,NA,"Natural.Apparent.Marsh Or Swamp",NA,"Natural.Mean High Water Or Apparent.Marsh","Natural.Apparent.Marsh Or Swamp",NA,NA
"187","Natural.Mean High Water Or Apparent.Marsh","Natural.Mean High Water Or Apparent.Marsh",NA,NA,"Natural.Apparent.Marsh Or Swamp",NA,"Natural.Mean High Water Or Apparent.Marsh","Natural.Apparent.Marsh Or Swamp",NA,NA
"188","Natural.Mean High Water Or Apparent.Marsh","Natural.Mean High Water Or Apparent.Marsh",NA,NA,"Natural.Apparent.Marsh Or Swamp",NA,"Natural.Mean High Water Or Apparent.Marsh","Natural.Apparent.Marsh Or Swamp",NA,NA
"189","Natural.Mean High Water Or Apparent.Marsh","Natural.Mean High Water Or Apparent.Marsh",NA,NA,"Natural.Apparent.Marsh Or Swamp",NA,"Natural.Mean High Water Or Apparent.Marsh","Natural.Apparent.Marsh Or Swamp",NA,NA
"190","Natural.Mean High Water Or Apparent.Marsh","Natural.Mean High Water Or Apparent.Marsh",NA,NA,"Natural.Apparent.Marsh Or Swamp",NA,"Natural.Mean High Water Or Apparent.Marsh","Natural.Apparent.Marsh Or Swamp",NA,NA
"191","Natural.Mean High Water Or Apparent.Marsh","Natural.Mean High Water Or Apparent.Marsh",NA,NA,"Natural.Apparent.Marsh Or Swamp",NA,"Natural.Mean High Water Or Apparent.Marsh","Natural.Apparent.Marsh Or Swamp",NA,NA
"192","Natural.Mean High Water Or Apparent.Marsh","Natural.Mean High Water Or Apparent.Marsh",NA,NA,"Natural.Apparent.Marsh Or Swamp",NA,"Natural.Mean High Water Or Apparent.Marsh","Natural.Apparent.Marsh Or Swamp",NA,NA
"193","Natural.Mean High Water Or Apparent.Marsh","Natural.Mean High Water Or Apparent.Marsh",NA,NA,"Natural.Apparent.Marsh Or Swamp",NA,"Natural.Mean High Water Or Apparent.Marsh","Natural.Apparent.Marsh Or Swamp",NA,NA
"194","Natural.Mean High Water Or Apparent.Marsh","Natural.Mean High Water Or Apparent.Marsh",NA,NA,"Natural.Apparent.Marsh Or Swamp",NA,"Natural.Mean High Water Or Apparent.Marsh","Natural.Apparent.Marsh Or Swamp",NA,NA
"195","Natural.Mean High Water Or Apparent.Marsh","Natural.Mean High Water Or Apparent.Marsh",NA,NA,"Natural.Apparent.Marsh Or Swamp",NA,"Natural.Mean High Water Or Apparent.Marsh","Natural.Apparent.Marsh Or Swamp",NA,NA
"196","Natural.Mean High Water Or Apparent.Marsh","Natural.Mean High Water Or Apparent.Marsh",NA,NA,"Natural.Apparent.Marsh Or Swamp",NA,"Natural.Mean High Water Or Apparent.Marsh","Natural.Apparent.Marsh Or Swamp",NA,NA
"197","Natural.Mean High Water Or Apparent.Marsh","Natural.Mean High Water Or Apparent.Marsh",NA,NA,"Natural.Apparent.Marsh Or Swamp",NA,"Natural.Mean High Water Or Apparent.Marsh","Natural.Apparent.Marsh Or Swamp",NA,NA
"198","Natural.Mean High Water Or Apparent.Marsh","Natural.Mean High Water Or Apparent.Marsh",NA,NA,"Natural.Apparent.Marsh Or Swamp",NA,"Natural.Mean High Water Or Apparent.Marsh","Natural.Apparent.Marsh Or Swamp",NA,NA
"199","Natural.Mean High Water Or Apparent.Marsh","Natural.Mean High Water Or Apparent.Marsh",NA,NA,"Natural.Apparent.Marsh Or Swamp",NA,"Natural.Mean High Water Or Apparent.Marsh","Natural.Apparent.Marsh Or Swamp",NA,NA
"200","Natural.Mean High Water Or Apparent.Marsh","Natural.Mean High Water Or Apparent.Marsh",NA,NA,"Natural.Apparent.Marsh Or Swamp",NA,"Natural.Mean High Water Or Apparent.Marsh","Natural.Apparent.Marsh Or Swamp",NA,NA
"201","Natural.Mean High Water Or Apparent.Marsh","Natural.Mean High Water Or Apparent.Marsh",NA,NA,"Natural.Apparent.Marsh Or Swamp",NA,"Natural.Mean High Water Or Apparent.Marsh","Natural.Apparent.Marsh Or Swamp",NA,NA
"202","Natural.Mean High Water Or Apparent.Marsh","Natural.Mean High Water Or Apparent.Marsh",NA,NA,"Natural.Apparent.Marsh Or Swamp",NA,"Natural.Mean High Water Or Apparent.Marsh","Natural.Apparent.Marsh Or Swamp",NA,NA
"203","Natural.Mean High Water Or Apparent.Marsh","Natural.Mean High Water Or Apparent.Marsh",NA,NA,"Undetermined.Approximate",NA,"Natural.Mean High Water Or Apparent.Marsh","Natural.Apparent.Marsh Or Swamp",NA,NA
"204","Natural.Mean High Water Or Apparent.Marsh","Natural.Mean High Water Or Apparent.Marsh",NA,NA,"Natural.Apparent.Marsh Or Swamp",NA,"Natural.Mean High Water Or Apparent.Marsh","Natural.Apparent.Marsh Or Swamp",NA,NA
"205","Natural.Mean High Water Or Apparent.Marsh","Natural.Mean High Water Or Apparent.Marsh",NA,NA,"Natural.Apparent.Marsh Or Swamp",NA,"Natural.Mean High Water Or Apparent.Marsh","Natural.Apparent.Marsh Or Swamp",NA,NA
"206","Natural.Mean High Water Or Apparent.Marsh","Natural.Mean High Water Or Apparent.Marsh",NA,NA,"Natural.Apparent.Marsh Or Swamp",NA,"Natural.Mean High Water Or Apparent.Marsh","Natural.Apparent.Marsh Or Swamp",NA,NA
"207","Natural.Mean High Water Or Apparent.Marsh","Natural.Mean High Water Or Apparent.Marsh",NA,NA,"Natural.Apparent.Marsh Or Swamp",NA,"Natural.Mean High Water Or Apparent.Marsh","Natural.Apparent.Marsh Or Swamp",NA,NA
"208","Natural.Mean High Water Or Apparent.Marsh","Natural.Mean High Water Or Apparent.Marsh",NA,NA,"Natural.Apparent.Marsh Or Swamp",NA,"Natural.Mean High Water Or Apparent.Marsh","Natural.Apparent.Marsh Or Swamp",NA,NA
"209","Natural.Mean High Water Or Apparent.Marsh","Natural.Mean High Water Or Apparent.Marsh",NA,NA,"Natural.Apparent.Marsh Or Swamp",NA,"Natural.Mean High Water Or Apparent.Marsh","Natural.Apparent.Marsh Or Swamp",NA,NA
"210","Natural.Mean High Water Or Apparent.Marsh","Natural.Mean High Water Or Apparent.Marsh",NA,NA,"Natural.Apparent.Marsh Or Swamp",NA,"Natural.Mean High Water Or Apparent.Marsh","Natural.Apparent.Marsh Or Swamp",NA,NA
"211","Natural.Mean High Water Or Apparent.Marsh","Natural.Mean High Water Or Apparent.Marsh",NA,NA,"Natural.Apparent.Marsh Or Swamp",NA,"Natural.Mean High Water Or Apparent.Marsh","Natural.Apparent.Marsh Or Swamp",NA,NA
"212","Natural.Mean High Water Or Apparent.Marsh","Natural.Mean High Water Or Apparent.Marsh",NA,NA,"Natural.Apparent.Marsh Or Swamp",NA,"Natural.Mean High Water Or Apparent.Marsh","Natural.Apparent.Marsh Or Swamp",NA,NA
"213","Natural.Mean High Water Or Apparent.Marsh","Natural.Mean High Water Or Apparent.Marsh",NA,NA,"Natural.Apparent.Marsh Or Swamp",NA,"Natural.Mean High Water Or Apparent.Marsh","Natural.Apparent.Marsh Or Swamp",NA,NA
"214","Natural.Mean High Water Or Apparent.Marsh","Natural.Mean High Water Or Apparent.Marsh",NA,NA,"Natural.Apparent.Marsh Or Swamp",NA,"Natural.Mean High Water Or Apparent.Marsh","Natural.Apparent.Marsh Or Swamp",NA,NA
"215","Natural.Mean High Water Or Apparent.Marsh","Natural.Mean High Water Or Apparent.Marsh",NA,NA,"Natural.Apparent.Marsh Or Swamp",NA,NA,NA,NA,NA
"216","Natural.Mean High Water Or Apparent.Marsh","Natural.Mean High Water Or Apparent.Marsh",NA,NA,"Natural.Apparent.Marsh Or Swamp",NA,NA,NA,NA,NA
"217","Natural.Mean High Water Or Apparent.Marsh","Natural.Mean High Water Or Apparent.Marsh",NA,NA,"Natural.Apparent.Marsh Or Swamp",NA,NA,"Natural.Apparent.Marsh Or Swamp",NA,NA
"218","Natural.Mean High Water Or Apparent.Marsh","Natural.Mean High Water Or Apparent.Marsh",NA,NA,"Natural.Apparent.Marsh Or Swamp",NA,"Natural.Mean High Water Or Apparent.Marsh","Natural.Apparent.Marsh Or Swamp",NA,NA
"219","Natural.Mean High Water Or Apparent.Marsh","Natural.Mean High Water Or Apparent.Marsh",NA,NA,"Natural.Apparent.Marsh Or Swamp",NA,"Natural.Mean High Water Or Apparent.Marsh","Natural.Apparent.Marsh Or Swamp",NA,NA
"220","Natural.Mean High Water Or Apparent.Marsh","Natural.Mean High Water Or Apparent.Marsh",NA,NA,"Natural.Apparent.Marsh Or Swamp",NA,"Natural.Mean High Water Or Apparent.Marsh","Natural.Apparent.Marsh Or Swamp",NA,NA
"221","Natural.Mean High Water Or Apparent.Marsh","Natural.Mean High Water Or Apparent.Marsh",NA,NA,"Natural.Apparent.Marsh Or Swamp",NA,"Natural.Mean High Water Or Apparent.Marsh","Natural.Apparent.Marsh Or Swamp",NA,NA
"222","Natural.Mean High Water Or Apparent.Marsh","Natural.Mean High Water Or Apparent.Marsh",NA,NA,"Natural.Apparent.Marsh Or Swamp",NA,"Natural.Mean High Water Or Apparent.Marsh","Natural.Apparent.Marsh Or Swamp",NA,NA
"223","Natural.Mean High Water Or Apparent.Marsh","Natural.Mean High Water Or Apparent.Marsh",NA,NA,"Natural.Apparent.Marsh Or Swamp",NA,"Natural.Mean High Water Or Apparent.Marsh","Natural.Apparent.Marsh Or Swamp",NA,NA
"224","Natural.Mean High Water Or Apparent.Marsh","Natural.Mean High Water Or Apparent.Marsh",NA,NA,"Natural.Apparent.Marsh Or Swamp",NA,"Natural.Mean High Water Or Apparent.Marsh",NA,"Natural.Apparent.Marsh Or Swamp",NA
"225","Natural.Mean High Water Or Apparent.Marsh","Natural.Mean High Water Or Apparent.Marsh",NA,NA,"Natural.Apparent.Marsh Or Swamp",NA,"Natural.Mean High Water Or Apparent.Marsh",NA,"Natural.Apparent.Marsh Or Swamp",NA
"226","Natural.Mean High Water Or Apparent.Marsh","Natural.Mean High Water Or Apparent.Marsh",NA,NA,"Natural.Apparent.Marsh Or Swamp",NA,"Natural.Mean High Water Or Apparent.Marsh",NA,"Natural.Apparent.Marsh Or Swamp",NA
"227","Natural.Mean High Water Or Apparent.Marsh",NA,NA,NA,"Natural.Apparent.Marsh Or Swamp",NA,"Natural.Mean High Water Or Apparent.Marsh",NA,"Natural.Apparent.Marsh Or Swamp",NA
"228",NA,NA,NA,NA,"Natural.Apparent.Marsh Or Swamp",NA,"Natural.Mean High Water Or Apparent.Marsh",NA,"Natural.Apparent.Marsh Or Swamp",NA
"229","Natural.Mean High Water Or Apparent.Marsh","Natural.Mean High Water Or Apparent.Marsh",NA,NA,"Natural.Apparent.Marsh Or Swamp",NA,"Natural.Mean High Water Or Apparent.Marsh",NA,"Natural.Apparent.Marsh Or Swamp",NA
"230","Natural.Mean High Water Or Apparent.Marsh","Natural.Mean High Water Or Apparent.Marsh",NA,NA,"Natural.Apparent.Marsh Or Swamp",NA,"Natural.Mean High Water Or Apparent.Marsh",NA,"Natural.Apparent.Marsh Or Swamp",NA
"231","Natural.Mean High Water Or Apparent.Marsh","Natural.Mean High Water Or Apparent.Marsh",NA,NA,"Natural.Apparent.Marsh Or Swamp",NA,"Natural.Mean High Water Or Apparent.Marsh",NA,"Natural.Apparent.Marsh Or Swamp",NA
"232","Natural.Mean High Water Or Apparent.Marsh","Natural.Mean High Water Or Apparent.Marsh",NA,NA,"Natural.Apparent.Marsh Or Swamp",NA,"Natural.Mean High Water Or Apparent.Marsh",NA,"Natural.Apparent.Marsh Or Swamp",NA
"233","Natural.Mean High Water Or Apparent.Marsh","Natural.Mean High Water Or Apparent.Marsh",NA,NA,"Natural.Apparent.Marsh Or Swamp",NA,"Natural.Mean High Water Or Apparent.Marsh",NA,"Natural.Apparent.Marsh Or Swamp",NA
"234","Natural.Mean High Water Or Apparent.Marsh","Natural.Mean High Water Or Apparent.Marsh",NA,NA,"Natural.Apparent.Marsh Or Swamp",NA,"Natural.Mean High Water Or Apparent.Marsh",NA,"Natural.Apparent.Marsh Or Swamp",NA
"235","Natural.Mean High Water Or Apparent.Marsh","Natural.Mean High Water Or Apparent.Marsh",NA,NA,"Natural.Apparent.Marsh Or Swamp",NA,"Natural.Mean High Water Or Apparent.Marsh",NA,"Natural.Apparent.Marsh Or Swamp",NA
"236","Natural.Mean High Water Or Apparent.Marsh","Natural.Mean High Water Or Apparent.Marsh",NA,NA,"Natural.Apparent.Marsh Or Swamp",NA,"Natural.Mean High Water Or Apparent.Marsh",NA,"Natural.Apparent.Marsh Or Swamp",NA
"237","Natural.Mean High Water Or Apparent.Marsh","Natural.Mean High Water Or Apparent.Marsh",NA,NA,"Natural.Apparent.Marsh Or Swamp",NA,"Natural.Mean High Water Or Apparent.Marsh",NA,"Natural.Apparent.Marsh Or Swamp",NA
"238","Natural.Mean High Water Or Apparent.Marsh","Natural.Mean High Water Or Apparent.Marsh",NA,NA,"Natural.Apparent.Marsh Or Swamp",NA,"Natural.Mean High Water Or Apparent.Marsh",NA,"Natural.Apparent.Marsh Or Swamp",NA
"239","Natural.Mean High Water Or Apparent.Marsh","Natural.Mean High Water Or Apparent.Marsh",NA,NA,"Natural.Apparent.Marsh Or Swamp",NA,"Natural.Mean High Water Or Apparent.Marsh",NA,"Natural.Apparent.Marsh Or Swamp",NA
"240","Natural.Mean High Water Or Apparent.Marsh","Natural.Mean High Water Or Apparent.Marsh",NA,NA,"Natural.Mean High Water",NA,"Natural.Mean High Water Or Apparent.Marsh",NA,"Natural.Apparent.Marsh Or Swamp",NA
"241","Natural.Mean High Water Or Apparent.Marsh","Natural.Mean High Water Or Apparent.Marsh",NA,NA,"Undetermined.Approximate",NA,"Natural.Mean High Water Or Apparent.Marsh",NA,"Natural.Apparent.Marsh Or Swamp",NA
"242","Natural.Mean High Water Or Apparent.Marsh","Natural.Mean High Water Or Apparent.Marsh",NA,NA,"Natural.Mean High Water",NA,"Natural.Mean High Water Or Apparent.Marsh",NA,"Natural.Apparent.Marsh Or Swamp",NA
"243","Natural.Mean High Water Or Apparent.Marsh","Natural.Mean High Water Or Apparent.Marsh",NA,NA,"Natural.Mean High Water",NA,"Natural.Mean High Water Or Apparent.Marsh",NA,"Natural.Apparent.Marsh Or Swamp",NA
"244","Natural.Mean High Water Or Apparent.Marsh","Natural.Mean High Water Or Apparent.Marsh",NA,NA,"Natural.Mean High Water",NA,"Natural.Mean High Water Or Apparent.Marsh",NA,"Natural.Apparent.Marsh Or Swamp",NA
"245","Natural.Mean High Water Or Apparent.Marsh","Natural.Mean High Water Or Apparent.Marsh",NA,NA,"Natural.Mean High Water",NA,"Natural.Mean High Water Or Apparent.Marsh",NA,"Natural.Apparent.Marsh Or Swamp",NA
"246","Natural.Mean High Water Or Apparent.Marsh","Natural.Mean High Water Or Apparent.Marsh",NA,NA,"Natural.Mean High Water",NA,"Natural.Mean High Water Or Apparent.Marsh",NA,"Natural.Apparent.Marsh Or Swamp",NA
"247","Natural.Mean High Water Or Apparent.Marsh","Natural.Mean High Water Or Apparent.Marsh",NA,NA,"Natural.Apparent.Marsh Or Swamp",NA,"Natural.Mean High Water Or Apparent.Marsh",NA,"Natural.Apparent.Marsh Or Swamp",NA
"248","Natural.Mean High Water Or Apparent.Marsh","Natural.Mean High Water Or Apparent.Marsh",NA,NA,"Natural.Apparent.Marsh Or Swamp",NA,"Natural.Mean High Water Or Apparent.Marsh",NA,"Natural.Apparent.Marsh Or Swamp",NA
"249","Natural.Mean High Water Or Apparent.Marsh","Natural.Mean High Water Or Apparent.Marsh",NA,NA,"Natural.Apparent.Marsh Or Swamp",NA,"Natural.Mean High Water Or Apparent.Marsh",NA,"Natural.Apparent.Marsh Or Swamp",NA
"250","Natural.Mean High Water Or Apparent.Marsh","Natural.Mean High Water Or Apparent.Marsh",NA,NA,"Natural.Apparent.Marsh Or Swamp",NA,"Natural.Mean High Water Or Apparent.Marsh",NA,"Natural.Apparent.Marsh Or Swamp",NA
"251","Natural.Mean High Water Or Apparent.Marsh","Natural.Mean High Water Or Apparent.Marsh",NA,NA,"Natural.Apparent.Marsh Or Swamp",NA,"Natural.Mean High Water Or Apparent.Marsh",NA,"Natural.Apparent.Marsh Or Swamp",NA
"252","Natural.Mean High Water Or Apparent.Marsh","Natural.Mean High Water Or Apparent.Marsh",NA,NA,"Natural.Apparent.Marsh Or Swamp",NA,"Natural.Mean High Water Or Apparent.Marsh",NA,"Natural.Apparent.Marsh Or Swamp",NA
"253","Natural.Mean High Water Or Apparent.Marsh","Natural.Mean High Water Or Apparent.Marsh",NA,NA,"Natural.Apparent.Marsh Or Swamp",NA,"Natural.Mean High Water Or Apparent.Marsh",NA,"Natural.Apparent.Marsh Or Swamp",NA
"254","Natural.Mean High Water Or Apparent.Marsh","Natural.Mean High Water Or Apparent.Marsh",NA,NA,"Natural.Apparent.Marsh Or Swamp",NA,"Natural.Mean High Water Or Apparent.Marsh",NA,"Natural.Apparent.Marsh Or Swamp",NA
"255","Natural.Mean High Water Or Apparent.Marsh","Natural.Mean High Water Or Apparent.Marsh",NA,NA,"Natural.Apparent.Marsh Or Swamp",NA,"Natural.Mean High Water Or Apparent.Marsh",NA,"Natural.Apparent.Marsh Or Swamp",NA
"256","Natural.Mean High Water Or Apparent.Marsh","Natural.Mean High Water Or Apparent.Marsh",NA,NA,"Natural.Mean High Water",NA,"Natural.Mean High Water Or Apparent.Marsh",NA,"Natural.Apparent.Marsh Or Swamp",NA
"257","Natural.Mean High Water Or Apparent.Marsh","Natural.Mean High Water Or Apparent.Marsh",NA,NA,"Natural.Mean High Water",NA,"Natural.Mean High Water Or Apparent.Marsh",NA,"Natural.Apparent.Marsh Or Swamp",NA
"258","Natural.Mean High Water Or Apparent.Marsh","Natural.Mean High Water Or Apparent.Marsh",NA,NA,"Natural.Mean High Water",NA,"Natural.Mean High Water Or Apparent.Marsh",NA,"Natural.Apparent.Marsh Or Swamp",NA
"259","Natural.Mean High Water Or Apparent.Marsh","Natural.Mean High Water Or Apparent.Marsh",NA,NA,"Natural.Mean High Water",NA,"Natural.Mean High Water Or Apparent.Marsh",NA,"Natural.Apparent.Marsh Or Swamp",NA
"260","Natural.Mean High Water Or Apparent.Marsh","Natural.Mean High Water Or Apparent.Marsh",NA,NA,"Natural.Mean High Water",NA,"Natural.Mean High Water Or Apparent.Marsh",NA,"Natural.Apparent.Marsh Or Swamp",NA
"261","Natural.Mean High Water Or Apparent.Marsh","Natural.Mean High Water Or Apparent.Marsh",NA,NA,"Natural.Mean High Water",NA,"Natural.Mean High Water Or Apparent.Marsh",NA,"Natural.Apparent.Marsh Or Swamp",NA
"262","Natural.Mean High Water Or Apparent.Marsh","Natural.Mean High Water Or Apparent.Marsh",NA,NA,"Natural.Mean High Water",NA,"Natural.Mean High Water Or Apparent.Marsh",NA,"Natural.Apparent.Marsh Or Swamp",NA
"263","Natural.Mean High Water Or Apparent.Marsh","Natural.Mean High Water Or Apparent.Marsh",NA,NA,"Natural.Mean High Water",NA,"Natural.Mean High Water Or Apparent.Marsh",NA,"Natural.Apparent.Marsh Or Swamp",NA
"264","Natural.Mean High Water Or Apparent.Marsh","Natural.Mean High Water Or Apparent.Marsh",NA,NA,"Natural.Mean High Water",NA,"Natural.Mean High Water Or Apparent.Marsh",NA,"Natural.Apparent.Marsh Or Swamp",NA
"265","Natural.Mean High Water Or Apparent.Marsh","Natural.Mean High Water Or Apparent.Marsh",NA,NA,"Natural.Apparent.Marsh Or Swamp",NA,"Natural.Mean High Water Or Apparent.Marsh",NA,"Natural.Apparent.Marsh Or Swamp",NA
"266","Natural.Mean High Water Or Apparent.Marsh","Natural.Mean High Water Or Apparent.Marsh",NA,NA,"Natural.Apparent.Marsh Or Swamp",NA,"Natural.Mean High Water Or Apparent.Marsh",NA,"Natural.Apparent.Marsh Or Swamp",NA
"267","Natural.Mean High Water Or Apparent.Marsh","Natural.Mean High Water Or Apparent.Marsh",NA,NA,"Natural.Apparent.Marsh Or Swamp",NA,"Natural.Mean High Water Or Apparent.Marsh",NA,"Natural.Apparent.Marsh Or Swamp",NA
"268","Natural.Mean High Water Or Apparent.Marsh","Natural.Mean High Water Or Apparent.Marsh",NA,NA,"Natural.Apparent.Marsh Or Swamp",NA,"Natural.Mean High Water Or Apparent.Marsh",NA,"Natural.Apparent.Marsh Or Swamp",NA
"269","Natural.Mean High Water Or Apparent.Marsh","Natural.Mean High Water Or Apparent.Marsh",NA,NA,"Natural.Apparent.Marsh Or Swamp",NA,"Natural.Mean High Water Or Apparent.Marsh",NA,"Natural.Apparent.Marsh Or Swamp",NA
"270","Natural.Mean High Water Or Apparent.Marsh","Natural.Mean High Water Or Apparent.Marsh",NA,NA,"Natural.Apparent.Marsh Or Swamp",NA,"Natural.Mean High Water Or Apparent.Marsh",NA,"Natural.Apparent.Marsh Or Swamp",NA
"271","Natural.Mean High Water Or Apparent.Marsh","Natural.Mean High Water Or Apparent.Marsh",NA,NA,"Natural.Apparent.Marsh Or Swamp",NA,"Natural.Mean High Water Or Apparent.Marsh",NA,"Natural.Apparent.Marsh Or Swamp",NA
"272","Natural.Mean High Water Or Apparent.Marsh","Natural.Mean High Water Or Apparent.Marsh",NA,NA,"Natural.Apparent.Marsh Or Swamp",NA,"Natural.Mean High Water Or Apparent.Marsh",NA,"Natural.Apparent.Marsh Or Swamp",NA
"273","Natural.Mean High Water Or Apparent.Marsh","Natural.Mean High Water Or Apparent.Marsh",NA,NA,"Natural.Apparent.Marsh Or Swamp",NA,"Natural.Mean High Water Or Apparent.Marsh",NA,"Natural.Apparent.Marsh Or Swamp",NA
"274","Natural.Mean High Water Or Apparent.Marsh","Natural.Mean High Water Or Apparent.Marsh",NA,NA,"Natural.Apparent.Marsh Or Swamp",NA,"Natural.Mean High Water Or Apparent.Marsh",NA,"Natural.Apparent.Marsh Or Swamp",NA
"275","Natural.Mean High Water Or Apparent.Marsh","Natural.Mean High Water Or Apparent.Marsh",NA,NA,"Natural.Apparent.Marsh Or Swamp",NA,"Natural.Mean High Water Or Apparent.Marsh",NA,"Natural.Apparent.Marsh Or Swamp",NA
"276","Natural.Mean High Water Or Apparent.Marsh","Natural.Mean High Water Or Apparent.Marsh",NA,NA,"Natural.Apparent.Marsh Or Swamp",NA,"Natural.Mean High Water Or Apparent.Marsh",NA,"Natural.Apparent.Marsh Or Swamp",NA
"277","Natural.Mean High Water Or Apparent.Marsh","Natural.Mean High Water Or Apparent.Marsh",NA,NA,"Natural.Apparent.Marsh Or Swamp",NA,"Natural.Mean High Water Or Apparent.Marsh",NA,"Natural.Apparent.Marsh Or Swamp",NA
"278","Natural.Mean High Water Or Apparent.Marsh","Natural.Mean High Water Or Apparent.Marsh",NA,NA,"Natural.Apparent.Marsh Or Swamp",NA,NA,NA,"Natural.Apparent.Marsh Or Swamp",NA
"279","Natural.Mean High Water Or Apparent.Marsh","Natural.Mean High Water Or Apparent.Marsh",NA,NA,"Natural.Apparent.Marsh Or Swamp",NA,"Natural.Mean High Water Or Apparent.Marsh",NA,"Natural.Apparent.Marsh Or Swamp",NA
"280","Natural.Mean High Water Or Apparent.Marsh","Natural.Mean High Water Or Apparent.Marsh",NA,NA,"Natural.Apparent.Marsh Or Swamp",NA,"Natural.Mean High Water Or Apparent.Marsh",NA,"Natural.Apparent.Marsh Or Swamp",NA
"281","Natural.Mean High Water Or Apparent.Marsh","Natural.Mean High Water Or Apparent.Marsh",NA,NA,"Natural.Apparent.Marsh Or Swamp",NA,"Natural.Mean High Water Or Apparent.Marsh",NA,"Natural.Apparent.Marsh Or Swamp",NA
"282","Natural.Mean High Water Or Apparent.Marsh","Natural.Mean High Water Or Apparent.Marsh",NA,NA,"Natural.Apparent.Marsh Or Swamp",NA,"Natural.Mean High Water Or Apparent.Marsh",NA,"Natural.Apparent.Marsh Or Swamp",NA
"283","Natural.Mean High Water Or Apparent.Marsh",NA,NA,NA,"Natural.Apparent.Marsh Or Swamp",NA,"Natural.Mean High Water Or Apparent.Marsh",NA,"Natural.Apparent.Marsh Or Swamp",NA
"284","Natural.Mean High Water Or Apparent.Marsh",NA,NA,NA,"Natural.Apparent.Marsh Or Swamp",NA,"Natural.Mean High Water Or Apparent.Marsh",NA,"Natural.Apparent.Marsh Or Swamp",NA
"285","Natural.Mean High Water Or Apparent.Marsh",NA,NA,NA,"Natural.Apparent.Marsh Or Swamp",NA,"Natural.Mean High Water Or Apparent.Marsh",NA,"Natural.Apparent.Marsh Or Swamp",NA
"286","Natural.Mean High Water Or Apparent.Marsh",NA,NA,NA,"Natural.Apparent.Marsh Or Swamp",NA,"Natural.Mean High Water Or Apparent.Marsh",NA,"Natural.Apparent.Marsh Or Swamp",NA
"287","Natural.Mean High Water Or Apparent.Marsh",NA,NA,NA,"Natural.Apparent.Marsh Or Swamp",NA,"Natural.Mean High Water Or Apparent.Marsh",NA,"Natural.Apparent.Marsh Or Swamp",NA
"288","Natural.Mean High Water Or Apparent.Marsh",NA,NA,NA,"Natural.Apparent.Marsh Or Swamp",NA,"Natural.Mean High Water Or Apparent.Marsh",NA,"Natural.Apparent.Marsh Or Swamp",NA
"289","Natural.Mean High Water Or Apparent.Marsh",NA,NA,NA,"Natural.Apparent.Marsh Or Swamp",NA,"Natural.Mean High Water Or Apparent.Marsh",NA,"Natural.Apparent.Marsh Or Swamp",NA
"290","Natural.Mean High Water Or Apparent.Marsh",NA,NA,NA,"Natural.Apparent.Marsh Or Swamp",NA,"Natural.Mean High Water Or Apparent.Marsh",NA,"Natural.Apparent.Marsh Or Swamp",NA
"291","Natural.Mean High Water Or Apparent.Marsh",NA,NA,NA,"Natural.Apparent.Marsh Or Swamp",NA,"Natural.Mean High Water Or Apparent.Marsh",NA,"Natural.Apparent.Marsh Or Swamp",NA
"292","Natural.Mean High Water Or Apparent.Marsh",NA,NA,NA,"Natural.Apparent.Marsh Or Swamp",NA,"Natural.Mean High Water Or Apparent.Marsh",NA,"Natural.Apparent.Marsh Or Swamp",NA
"293","Natural.Mean High Water Or Apparent.Marsh",NA,NA,NA,"Natural.Apparent.Marsh Or Swamp",NA,"Natural.Mean High Water Or Apparent.Marsh",NA,"Natural.Apparent.Marsh Or Swamp",NA
"294","Natural.Mean High Water Or Apparent.Marsh",NA,NA,NA,"Natural.Apparent.Marsh Or Swamp",NA,"Natural.Mean High Water Or Apparent.Marsh",NA,NA,NA
"295","Natural.Mean High Water Or Apparent.Marsh",NA,NA,NA,"Natural.Apparent.Marsh Or Swamp",NA,"Natural.Mean High Water Or Apparent.Marsh",NA,"Natural.Apparent.Marsh Or Swamp",NA
"296","Natural.Mean High Water Or Apparent.Marsh",NA,NA,NA,"Natural.Apparent.Marsh Or Swamp",NA,"Natural.Mean High Water Or Apparent.Marsh",NA,"Natural.Apparent.Marsh Or Swamp",NA
"297","Natural.Mean High Water Or Apparent.Marsh",NA,NA,NA,"Natural.Apparent.Marsh Or Swamp",NA,"Natural.Mean High Water Or Apparent.Marsh",NA,"Natural.Apparent.Marsh Or Swamp",NA
"298","Natural.Mean High Water Or Apparent.Marsh",NA,NA,NA,"Natural.Apparent.Marsh Or Swamp",NA,"Natural.Mean High Water Or Apparent.Marsh",NA,"Natural.Apparent.Marsh Or Swamp",NA
"299","Natural.Mean High Water Or Apparent.Marsh",NA,NA,NA,"Natural.Apparent.Marsh Or Swamp",NA,"Natural.Mean High Water Or Apparent.Marsh",NA,"Natural.Apparent.Marsh Or Swamp",NA
"300","Natural.Mean High Water Or Apparent.Marsh",NA,NA,NA,"Natural.Apparent.Marsh Or Swamp",NA,"Natural.Mean High Water Or Apparent.Marsh",NA,"Natural.Apparent.Marsh Or Swamp",NA
"301","Natural.Mean High Water Or Apparent.Marsh",NA,NA,NA,"Natural.Apparent.Marsh Or Swamp",NA,"Natural.Mean High Water Or Apparent.Marsh",NA,"Natural.Apparent.Marsh Or Swamp",NA
"302","Natural.Mean High Water Or Apparent.Marsh",NA,NA,NA,"Natural.Apparent.Marsh Or Swamp",NA,"Natural.Mean High Water Or Apparent.Marsh",NA,"Natural.Apparent.Marsh Or Swamp",NA
"303","Natural.Mean High Water Or Apparent.Marsh",NA,NA,NA,"Natural.Apparent.Marsh Or Swamp",NA,"Natural.Mean High Water Or Apparent.Marsh",NA,"Natural.Apparent.Marsh Or Swamp",NA
"304","Natural.Mean High Water Or Apparent.Marsh",NA,NA,NA,"Natural.Apparent.Marsh Or Swamp",NA,"Natural.Mean High Water Or Apparent.Marsh",NA,"Natural.Apparent.Marsh Or Swamp",NA
"305","Natural.Mean High Water Or Apparent.Marsh",NA,NA,NA,"Natural.Apparent.Marsh Or Swamp",NA,"Natural.Mean High Water Or Apparent.Marsh",NA,"Natural.Apparent.Marsh Or Swamp",NA
"306",NA,NA,NA,NA,"Natural.Apparent.Marsh Or Swamp",NA,"Natural.Mean High Water Or Apparent.Marsh",NA,"Natural.Apparent.Marsh Or Swamp",NA
"307",NA,NA,NA,NA,"Natural.Apparent.Marsh Or Swamp",NA,"Natural.Mean High Water Or Apparent.Marsh",NA,"Natural.Apparent.Marsh Or Swamp",NA
"308","Natural.Mean High Water Or Apparent.Marsh",NA,NA,NA,"Natural.Apparent.Marsh Or Swamp",NA,"Natural.Mean High Water Or Apparent.Marsh",NA,"Natural.Apparent.Marsh Or Swamp",NA
"309","Natural.Mean High Water Or Apparent.Marsh",NA,NA,NA,NA,NA,"Natural.Mean High Water Or Apparent.Marsh",NA,"Natural.Apparent.Marsh Or Swamp",NA
"310","Natural.Mean High Water Or Apparent.Marsh",NA,NA,NA,"Natural.Apparent.Marsh Or Swamp",NA,"Natural.Mean High Water Or Apparent.Marsh",NA,"Natural.Apparent.Marsh Or Swamp",NA
"311","Natural.Mean High Water Or Apparent.Marsh",NA,NA,NA,"Natural.Apparent.Marsh Or Swamp",NA,"Natural.Mean High Water Or Apparent.Marsh",NA,"Natural.Apparent.Marsh Or Swamp",NA
"312","Natural.Mean High Water Or Apparent.Marsh",NA,NA,NA,"Natural.Apparent.Marsh Or Swamp",NA,"Natural.Mean High Water Or Apparent.Marsh",NA,"Natural.Apparent.Marsh Or Swamp",NA
"313","Natural.Mean High Water Or Apparent.Marsh",NA,NA,NA,"Natural.Apparent.Marsh Or Swamp",NA,"Natural.Mean High Water Or Apparent.Marsh",NA,"Natural.Apparent.Marsh Or Swamp",NA
"314","Natural.Mean High Water Or Apparent.Marsh",NA,NA,NA,"Natural.Apparent.Marsh Or Swamp",NA,"Natural.Mean High Water Or Apparent.Marsh",NA,"Natural.Apparent.Marsh Or Swamp",NA
"315","Natural.Mean High Water Or Apparent.Marsh",NA,NA,NA,"Natural.Apparent.Marsh Or Swamp",NA,"Natural.Mean High Water Or Apparent.Marsh",NA,"Natural.Apparent.Marsh Or Swamp",NA
"316","Natural.Mean High Water Or Apparent.Marsh",NA,NA,NA,"Natural.Apparent.Marsh Or Swamp",NA,"Natural.Mean High Water Or Apparent.Marsh",NA,"Natural.Apparent.Marsh Or Swamp",NA
"317","Natural.Mean High Water Or Apparent.Marsh",NA,NA,NA,"Natural.Apparent.Marsh Or Swamp",NA,"Natural.Mean High Water Or Apparent.Marsh",NA,"Natural.Apparent.Marsh Or Swamp",NA
"318","Natural.Mean High Water Or Apparent.Marsh",NA,NA,NA,"Natural.Apparent.Marsh Or Swamp",NA,"Natural.Mean High Water Or Apparent.Marsh",NA,"Natural.Apparent.Marsh Or Swamp",NA
"319","Natural.Mean High Water Or Apparent.Marsh",NA,NA,NA,"Natural.Apparent.Marsh Or Swamp",NA,"Natural.Mean High Water Or Apparent.Marsh",NA,"Natural.Apparent.Marsh Or Swamp",NA
"320","Natural.Mean High Water Or Apparent.Marsh",NA,NA,NA,"Natural.Mean High Water",NA,"Natural.Mean High Water Or Apparent.Marsh",NA,"Natural.Mean High Water",NA
"321","Natural.Mean High Water Or Apparent.Marsh",NA,NA,NA,"Natural.Mean High Water",NA,"Natural.Mean High Water Or Apparent.Marsh",NA,"Natural.Mean High Water",NA
"322","Natural.Mean High Water Or Apparent.Marsh",NA,NA,NA,"Natural.Mean High Water",NA,"Natural.Mean High Water Or Apparent.Marsh",NA,"Natural.Mean High Water",NA
"323","Natural.Mean High Water Or Apparent.Marsh",NA,NA,NA,"Natural.Apparent.Marsh Or Swamp",NA,"Natural.Mean High Water Or Apparent.Marsh",NA,"Natural.Mean High Water",NA
"324","Natural.Mean High Water Or Apparent.Marsh",NA,NA,NA,"Natural.Apparent.Marsh Or Swamp",NA,"Natural.Mean High Water Or Apparent.Marsh",NA,"Natural.Mean High Water",NA
"325","Natural.Mean High Water Or Apparent.Marsh",NA,NA,NA,"Natural.Apparent.Marsh Or Swamp",NA,"Natural.Mean High Water Or Apparent.Marsh",NA,"Natural.Mean High Water",NA
"326","Natural.Mean High Water Or Apparent.Marsh",NA,NA,NA,"Natural.Apparent.Marsh Or Swamp",NA,"Natural.Mean High Water Or Apparent.Marsh",NA,"Natural.Mean High Water",NA
"327","Natural.Mean High Water Or Apparent.Marsh",NA,NA,NA,"Natural.Mean High Water",NA,"Natural.Mean High Water Or Apparent.Marsh",NA,"Natural.Mean High Water",NA
"328",NA,NA,NA,NA,"Natural.Mean High Water",NA,"Natural.Mean High Water Or Apparent.Marsh",NA,"Natural.Mean High Water",NA
"329",NA,NA,NA,NA,NA,NA,"Natural.Mean High Water Or Apparent.Marsh",NA,"Natural.Mean High Water",NA
"330","Natural.Mean High Water Or Apparent.Marsh",NA,NA,NA,NA,NA,"Natural.Mean High Water Or Apparent.Marsh",NA,"Natural.Mean High Water",NA
"331","Natural.Mean High Water Or Apparent.Marsh",NA,NA,NA,"Natural.Mean High Water",NA,"Natural.Mean High Water Or Apparent.Marsh",NA,NA,NA
"332","Natural.Mean High Water Or Apparent.Marsh",NA,NA,NA,"Natural.Mean High Water",NA,"Natural.Mean High Water Or Apparent.Marsh",NA,NA,NA
"333","Natural.Mean High Water Or Apparent.Marsh",NA,NA,NA,"Natural.Mean High Water",NA,"Natural.Mean High Water Or Apparent.Marsh",NA,NA,NA
"334","Natural.Mean High Water Or Apparent.Marsh",NA,NA,NA,"Natural.Mean High Water",NA,"Natural.Mean High Water Or Apparent.Marsh",NA,NA,NA
"335","Natural.Mean High Water Or Apparent.Marsh",NA,NA,NA,"Natural.Mean High Water",NA,"Natural.Mean High Water Or Apparent.Marsh",NA,NA,NA
"336","Natural.Mean High Water Or Apparent.Marsh",NA,NA,NA,"Natural.Mean High Water",NA,"Natural.Mean High Water Or Apparent.Marsh",NA,NA,NA
"337","Natural.Mean High Water Or Apparent.Marsh",NA,NA,NA,"Natural.Mean High Water",NA,"Natural.Mean High Water Or Apparent.Marsh",NA,NA,NA
"338","Natural.Mean High Water Or Apparent.Marsh",NA,NA,NA,"Natural.Mean High Water",NA,"Natural.Mean High Water Or Apparent.Marsh",NA,NA,NA
"339","Natural.Mean High Water Or Apparent.Marsh",NA,NA,NA,"Natural.Mean High Water",NA,"Natural.Mean High Water Or Apparent.Marsh",NA,NA,NA
"340","Natural.Mean High Water Or Apparent.Marsh",NA,NA,NA,"Natural.Mean High Water",NA,"Natural.Mean High Water Or Apparent.Marsh",NA,NA,NA
"341","Natural.Mean High Water Or Apparent.Marsh",NA,NA,NA,"Natural.Mean High Water",NA,"Natural.Mean High Water Or Apparent.Marsh",NA,NA,NA
"342","Natural.Mean High Water Or Apparent.Marsh",NA,NA,NA,"Natural.Mean High Water",NA,"Natural.Mean High Water Or Apparent.Marsh",NA,NA,NA
"343","Natural.Mean High Water Or Apparent.Marsh",NA,NA,NA,"Natural.Mean High Water",NA,"Natural.Mean High Water Or Apparent.Marsh",NA,NA,NA
"344","Natural.Mean High Water Or Apparent.Marsh",NA,NA,NA,"Natural.Mean High Water",NA,"Natural.Mean High Water Or Apparent.Marsh",NA,NA,NA
"345","Natural.Mean High Water Or Apparent.Marsh",NA,NA,NA,"Natural.Mean High Water",NA,"Natural.Mean High Water Or Apparent.Marsh",NA,NA,NA
"346","Natural.Mean High Water Or Apparent.Marsh",NA,NA,NA,"Natural.Mean High Water",NA,"Natural.Mean High Water Or Apparent.Marsh",NA,NA,NA
"347","Natural.Mean High Water Or Apparent.Marsh",NA,NA,NA,"Natural.Mean High Water",NA,"Natural.Mean High Water Or Apparent.Marsh",NA,NA,NA
"348","Natural.Mean High Water Or Apparent.Marsh",NA,NA,NA,"Natural.Mean High Water",NA,"Natural.Mean High Water Or Apparent.Marsh",NA,NA,NA
"349","Natural.Mean High Water Or Apparent.Marsh",NA,NA,NA,"Natural.Mean High Water",NA,"Natural.Mean High Water Or Apparent.Marsh",NA,NA,NA
"350","Natural.Mean High Water Or Apparent.Marsh",NA,NA,NA,"Natural.Mean High Water",NA,"Natural.Mean High Water Or Apparent.Marsh",NA,NA,NA
"351","Natural.Mean High Water Or Apparent.Marsh",NA,NA,NA,"Natural.Mean High Water",NA,"Natural.Mean High Water Or Apparent.Marsh",NA,NA,NA
"352","Natural.Mean High Water Or Apparent.Marsh",NA,NA,NA,"Natural.Mean High Water",NA,"Natural.Mean High Water Or Apparent.Marsh",NA,NA,NA
"353","Natural.Mean High Water Or Apparent.Marsh",NA,NA,NA,"Natural.Mean High Water",NA,"Natural.Mean High Water Or Apparent.Marsh",NA,NA,NA
"354","Natural.Mean High Water Or Apparent.Marsh",NA,NA,NA,"Natural.Mean High Water",NA,"Natural.Mean High Water Or Apparent.Marsh",NA,NA,NA
"355","Natural.Mean High Water Or Apparent.Marsh",NA,NA,NA,"Natural.Mean High Water",NA,"Natural.Mean High Water Or Apparent.Marsh",NA,NA,NA
"356","Natural.Mean High Water Or Apparent.Marsh",NA,NA,NA,"Natural.Mean High Water",NA,"Natural.Mean High Water Or Apparent.Marsh",NA,NA,NA
"357","Natural.Mean High Water Or Apparent.Marsh",NA,NA,NA,"Natural.Mean High Water",NA,"Natural.Mean High Water Or Apparent.Marsh",NA,NA,NA
"358","Natural.Mean High Water Or Apparent.Marsh",NA,NA,NA,"Natural.Mean High Water",NA,"Natural.Mean High Water Or Apparent.Marsh",NA,NA,NA
"359","Natural.Mean High Water Or Apparent.Marsh",NA,NA,NA,"Natural.Mean High Water",NA,"Natural.Mean High Water Or Apparent.Marsh",NA,NA,NA
"360","Natural.Mean High Water Or Apparent.Marsh",NA,NA,NA,"Natural.Mean High Water",NA,"Natural.Mean High Water Or Apparent.Marsh",NA,NA,NA
"361","Natural.Mean High Water Or Apparent.Marsh",NA,NA,NA,"Natural.Mean High Water",NA,"Natural.Mean High Water Or Apparent.Marsh",NA,NA,NA
"362","Natural.Mean High Water Or Apparent.Marsh",NA,NA,NA,"Natural.Mean High Water",NA,"Natural.Mean High Water Or Apparent.Marsh",NA,NA,NA
"363","Natural.Mean High Water Or Apparent.Marsh",NA,NA,NA,"Natural.Mean High Water",NA,"Natural.Mean High Water Or Apparent.Marsh",NA,NA,NA
"364","Natural.Mean High Water Or Apparent.Marsh",NA,NA,NA,"Natural.Mean High Water",NA,"Natural.Mean High Water Or Apparent.Marsh",NA,NA,NA
"365","Natural.Mean High Water Or Apparent.Marsh",NA,NA,NA,"Natural.Mean High Water",NA,"Natural.Mean High Water Or Apparent.Marsh",NA,NA,NA
"366","Natural.Mean High Water Or Apparent.Marsh",NA,NA,NA,"Natural.Mean High Water",NA,"Natural.Mean High Water Or Apparent.Marsh",NA,NA,NA
"367","Natural.Mean High Water Or Apparent.Marsh",NA,NA,NA,"Natural.Mean High Water",NA,"Natural.Mean High Water Or Apparent.Marsh",NA,NA,NA
"368","Natural.Mean High Water Or Apparent.Marsh",NA,NA,NA,"Natural.Mean High Water",NA,"Natural.Mean High Water Or Apparent.Marsh",NA,NA,NA
"369","Natural.Mean High Water Or Apparent.Marsh",NA,NA,NA,"Natural.Mean High Water",NA,"Natural.Mean High Water Or Apparent.Marsh",NA,NA,NA
"370","Natural.Mean High Water Or Apparent.Marsh",NA,NA,NA,"Natural.Mean High Water",NA,"Natural.Mean High Water Or Apparent.Marsh",NA,NA,NA
"371","Natural.Mean High Water Or Apparent.Marsh",NA,NA,NA,"Natural.Mean High Water",NA,"Natural.Mean High Water Or Apparent.Marsh",NA,NA,NA
"372","Natural.Mean High Water Or Apparent.Marsh",NA,NA,NA,"Natural.Mean High Water",NA,"Natural.Mean High Water Or Apparent.Marsh",NA,NA,NA
"373","Natural.Mean High Water Or Apparent.Marsh",NA,NA,NA,"Natural.Mean High Water",NA,"Natural.Mean High Water Or Apparent.Marsh",NA,NA,NA
"374","Natural.Mean High Water Or Apparent.Marsh",NA,NA,NA,"Natural.Mean High Water",NA,"Natural.Mean High Water Or Apparent.Marsh",NA,NA,NA
"375","Natural.Mean High Water Or Apparent.Marsh",NA,NA,NA,"Natural.Mean High Water",NA,"Natural.Mean High Water Or Apparent.Marsh",NA,NA,NA
"376","Natural.Mean High Water Or Apparent.Marsh",NA,NA,NA,"Natural.Mean High Water",NA,"Natural.Mean High Water Or Apparent.Marsh",NA,NA,NA
"377","Natural.Mean High Water Or Apparent.Marsh",NA,NA,NA,"Natural.Mean High Water",NA,"Natural.Mean High Water Or Apparent.Marsh",NA,NA,NA
"378","Natural.Mean High Water Or Apparent.Marsh",NA,NA,NA,"Natural.Mean High Water",NA,"Natural.Mean High Water Or Apparent.Marsh",NA,NA,NA
"379","Natural.Mean High Water Or Apparent.Marsh",NA,NA,NA,"Natural.Mean High Water",NA,"Natural.Mean High Water Or Apparent.Marsh",NA,NA,NA
"380","Natural.Mean High Water Or Apparent.Marsh",NA,NA,NA,"Natural.Mean High Water",NA,"Natural.Mean High Water Or Apparent.Marsh",NA,NA,NA
"381","Natural.Mean High Water Or Apparent.Marsh",NA,NA,NA,"Natural.Mean High Water",NA,"Natural.Mean High Water Or Apparent.Marsh",NA,NA,NA
"382","Natural.Mean High Water Or Apparent.Marsh",NA,NA,NA,"Natural.Mean High Water",NA,"Natural.Mean High Water Or Apparent.Marsh",NA,NA,NA
"383","Natural.Mean High Water Or Apparent.Marsh",NA,NA,NA,"Natural.Mean High Water",NA,"Natural.Mean High Water Or Apparent.Marsh",NA,NA,NA
"384","Natural.Mean High Water Or Apparent.Marsh",NA,NA,NA,"Natural.Mean High Water",NA,"Natural.Mean High Water Or Apparent.Marsh",NA,NA,NA
"385","Natural.Mean High Water Or Apparent.Marsh",NA,NA,NA,"Natural.Mean High Water",NA,"Natural.Mean High Water Or Apparent.Marsh",NA,NA,NA
"386","Natural.Mean High Water Or Apparent.Marsh",NA,NA,NA,"Natural.Mean High Water",NA,"Natural.Mean High Water Or Apparent.Marsh",NA,NA,NA
"387","Natural.Mean High Water Or Apparent.Marsh",NA,NA,NA,"Natural.Mean High Water",NA,"Natural.Mean High Water Or Apparent.Marsh",NA,NA,NA
"388","Natural.Mean High Water Or Apparent.Marsh",NA,NA,NA,"Natural.Mean High Water",NA,"Natural.Mean High Water Or Apparent.Marsh",NA,NA,NA
"389","Natural.Mean High Water Or Apparent.Marsh",NA,NA,NA,"Natural.Mean High Water",NA,"Natural.Mean High Water Or Apparent.Marsh",NA,NA,NA
"390","Natural.Mean High Water Or Apparent.Marsh",NA,NA,NA,"Natural.Mean High Water",NA,"Natural.Mean High Water Or Apparent.Marsh",NA,NA,NA
"391","Natural.Mean High Water Or Apparent.Marsh",NA,NA,NA,"Natural.Mean High Water",NA,"Natural.Mean High Water Or Apparent.Marsh",NA,NA,NA
"392","Natural.Mean High Water Or Apparent.Marsh",NA,NA,NA,"Natural.Mean High Water",NA,"Natural.Mean High Water Or Apparent.Marsh",NA,NA,NA
"393","Natural.Mean High Water Or Apparent.Marsh",NA,NA,NA,"Natural.Mean High Water",NA,"Natural.Mean High Water Or Apparent.Marsh",NA,NA,NA
"394","Natural.Mean High Water Or Apparent.Marsh",NA,NA,NA,"Natural.Mean High Water",NA,"Natural.Mean High Water Or Apparent.Marsh",NA,NA,NA
"395","Natural.Mean High Water Or Apparent.Marsh",NA,NA,NA,"Natural.Mean High Water",NA,"Natural.Mean High Water Or Apparent.Marsh",NA,NA,NA
"396","Natural.Mean High Water Or Apparent.Marsh",NA,NA,NA,"Natural.Mean High Water",NA,"Natural.Mean High Water Or Apparent.Marsh",NA,NA,NA
"397","Natural.Mean High Water Or Apparent.Marsh",NA,NA,NA,"Natural.Mean High Water",NA,"Natural.Mean High Water Or Apparent.Marsh",NA,NA,NA
"398","Natural.Mean High Water Or Apparent.Marsh",NA,NA,NA,"Natural.Mean High Water",NA,"Natural.Mean High Water Or Apparent.Marsh",NA,NA,NA
"399","Natural.Mean High Water Or Apparent.Marsh",NA,NA,NA,"Natural.Mean High Water",NA,"Natural.Mean High Water Or Apparent.Marsh",NA,NA,NA
"400","Natural.Mean High Water Or Apparent.Marsh","Natural.Mean High Water Or Apparent.Marsh",NA,NA,"Natural.Mean High Water",NA,"Natural.Mean High Water Or Apparent.Marsh",NA,NA,NA
"401","Natural.Mean High Water Or Apparent.Marsh","Natural.Mean High Water Or Apparent.Marsh",NA,NA,"Natural.Mean High Water",NA,"Natural.Mean High Water Or Apparent.Marsh",NA,NA,NA
"402","Natural.Mean High Water Or Apparent.Marsh","Natural.Mean High Water Or Apparent.Marsh",NA,NA,"Natural.Mean High Water",NA,"Natural.Mean High Water Or Apparent.Marsh",NA,NA,NA
"403","Natural.Mean High Water Or Apparent.Marsh","Natural.Mean High Water Or Apparent.Marsh",NA,NA,"Natural.Mean High Water",NA,"Natural.Mean High Water Or Apparent.Marsh",NA,NA,NA
"404","Natural.Mean High Water Or Apparent.Marsh","Natural.Mean High Water Or Apparent.Marsh",NA,NA,"Natural.Mean High Water",NA,"Natural.Mean High Water Or Apparent.Marsh",NA,NA,NA
"405","Natural.Mean High Water Or Apparent.Marsh","Natural.Mean High Water Or Apparent.Marsh",NA,NA,"Natural.Mean High Water",NA,"Natural.Mean High Water Or Apparent.Marsh",NA,NA,NA
"406","Natural.Mean High Water Or Apparent.Marsh","Natural.Mean High Water Or Apparent.Marsh",NA,NA,"Natural.Mean High Water",NA,"Natural.Mean High Water Or Apparent.Marsh",NA,NA,NA
"407","Natural.Mean High Water Or Apparent.Marsh","Natural.Mean High Water Or Apparent.Marsh",NA,NA,"Natural.Mean High Water",NA,"Natural.Mean High Water Or Apparent.Marsh",NA,NA,NA
"408",NA,"Natural.Mean High Water Or Apparent.Marsh",NA,NA,"Natural.Mean High Water",NA,"Natural.Mean High Water Or Apparent.Marsh",NA,NA,NA
"409",NA,"Natural.Mean High Water Or Apparent.Marsh",NA,NA,"Natural.Mean High Water",NA,"Natural.Mean High Water Or Apparent.Marsh",NA,NA,NA
"410",NA,"Natural.Mean High Water Or Apparent.Marsh",NA,NA,"Natural.Mean High Water",NA,"Natural.Mean High Water Or Apparent.Marsh",NA,NA,NA
"411",NA,"Natural.Mean High Water Or Apparent.Marsh",NA,NA,"Natural.Mean High Water",NA,"Natural.Mean High Water Or Apparent.Marsh",NA,NA,NA
"412",NA,"Natural.Mean High Water Or Apparent.Marsh",NA,NA,"Natural.Mean High Water",NA,"Natural.Mean High Water Or Apparent.Marsh",NA,NA,NA
"413",NA,"Natural.Mean High Water Or Apparent.Marsh",NA,NA,"Natural.Mean High Water",NA,"Natural.Mean High Water Or Apparent.Marsh",NA,NA,NA
"414",NA,"Natural.Mean High Water Or Apparent.Marsh",NA,NA,"Natural.Mean High Water",NA,"Natural.Mean High Water Or Apparent.Marsh",NA,NA,NA
"415",NA,"Natural.Mean High Water Or Apparent.Marsh",NA,NA,"Natural.Mean High Water",NA,"Natural.Mean High Water Or Apparent.Marsh",NA,NA,NA
"416",NA,"Natural.Mean High Water Or Apparent.Marsh",NA,NA,"Natural.Mean High Water",NA,"Natural.Mean High Water Or Apparent.Marsh",NA,NA,NA
"417",NA,"Natural.Mean High Water Or Apparent.Marsh",NA,NA,"Natural.Mean High Water",NA,"Natural.Mean High Water Or Apparent.Marsh",NA,NA,NA
"418",NA,"Natural.Mean High Water Or Apparent.Marsh",NA,NA,"Natural.Mean High Water",NA,"Natural.Mean High Water Or Apparent.Marsh",NA,NA,NA
"419",NA,"Natural.Mean High Water Or Apparent.Marsh",NA,NA,"Natural.Mean High Water",NA,"Natural.Mean High Water Or Apparent.Marsh",NA,NA,NA
"420",NA,"Natural.Mean High Water Or Apparent.Marsh",NA,NA,"Natural.Mean High Water",NA,"Natural.Mean High Water Or Apparent.Marsh",NA,NA,NA
"421",NA,"Natural.Mean High Water Or Apparent.Marsh",NA,NA,"Natural.Mean High Water",NA,"Natural.Mean High Water Or Apparent.Marsh",NA,NA,NA
"422",NA,"Natural.Mean High Water Or Apparent.Marsh",NA,NA,"Natural.Mean High Water",NA,"Natural.Mean High Water Or Apparent.Marsh",NA,NA,NA
"423",NA,"Natural.Mean High Water Or Apparent.Marsh",NA,NA,"Natural.Mean High Water",NA,"Natural.Mean High Water Or Apparent.Marsh",NA,NA,NA
"424",NA,"Natural.Mean High Water Or Apparent.Marsh",NA,NA,"Natural.Mean High Water",NA,"Natural.Mean High Water Or Apparent.Marsh",NA,NA,NA
"425",NA,"Natural.Mean High Water Or Apparent.Marsh",NA,NA,"Natural.Mean High Water",NA,"Natural.Mean High Water Or Apparent.Marsh",NA,NA,NA
"426",NA,"Natural.Mean High Water Or Apparent.Marsh",NA,NA,"Natural.Mean High Water",NA,"Natural.Mean High Water Or Apparent.Marsh",NA,NA,NA
"427",NA,"Natural.Mean High Water Or Apparent.Marsh",NA,NA,"Natural.Mean High Water",NA,"Natural.Mean High Water Or Apparent.Marsh",NA,NA,NA
"428",NA,"Natural.Mean High Water Or Apparent.Marsh",NA,NA,"Natural.Mean High Water",NA,"Natural.Mean High Water Or Apparent.Marsh",NA,NA,NA
"429",NA,"Natural.Mean High Water Or Apparent.Marsh",NA,NA,"Natural.Mean High Water",NA,"Natural.Mean High Water Or Apparent.Marsh",NA,NA,NA
"430",NA,"Natural.Mean High Water Or Apparent.Marsh",NA,NA,"Natural.Mean High Water",NA,"Natural.Mean High Water Or Apparent.Marsh",NA,NA,NA
"431",NA,"Natural.Mean High Water Or Apparent.Marsh",NA,NA,"Natural.Mean High Water",NA,"Natural.Mean High Water Or Apparent.Marsh",NA,NA,NA
"432",NA,"Natural.Mean High Water Or Apparent.Marsh",NA,NA,"Natural.Mean High Water",NA,"Natural.Mean High Water Or Apparent.Marsh",NA,NA,NA
"433",NA,"Natural.Mean High Water Or Apparent.Marsh",NA,NA,"Natural.Mean High Water",NA,"Natural.Mean High Water Or Apparent.Marsh",NA,NA,NA
"434",NA,"Natural.Mean High Water Or Apparent.Marsh",NA,NA,"Natural.Mean High Water",NA,"Natural.Mean High Water Or Apparent.Marsh",NA,NA,NA
"435",NA,"Natural.Mean High Water Or Apparent.Marsh",NA,NA,"Natural.Mean High Water",NA,"Natural.Mean High Water Or Apparent.Marsh",NA,NA,NA
"436",NA,"Natural.Mean High Water Or Apparent.Marsh",NA,NA,"Natural.Mean High Water",NA,"Natural.Mean High Water Or Apparent.Marsh",NA,NA,NA
"437",NA,"Natural.Mean High Water Or Apparent.Marsh",NA,NA,"Natural.Mean High Water",NA,"Natural.Mean High Water Or Apparent.Marsh",NA,NA,NA
"438",NA,"Natural.Mean High Water Or Apparent.Marsh",NA,NA,"Natural.Mean High Water",NA,"Natural.Mean High Water Or Apparent.Marsh",NA,NA,NA
"439",NA,"Natural.Mean High Water Or Apparent.Marsh",NA,NA,"Natural.Mean High Water",NA,"Natural.Mean High Water Or Apparent.Marsh",NA,NA,NA
"440",NA,"Natural.Mean High Water Or Apparent.Marsh",NA,NA,"Natural.Mean High Water",NA,"Natural.Mean High Water Or Apparent.Marsh",NA,NA,NA
"441",NA,"Natural.Mean High Water Or Apparent.Marsh",NA,NA,"Natural.Mean High Water",NA,"Natural.Mean High Water Or Apparent.Marsh",NA,NA,NA
"442",NA,"Natural.Mean High Water Or Apparent.Marsh",NA,NA,"Natural.Mean High Water",NA,"Natural.Mean High Water Or Apparent.Marsh",NA,NA,NA
"443",NA,"Natural.Mean High Water Or Apparent.Marsh",NA,NA,"Natural.Mean High Water",NA,"Natural.Mean High Water Or Apparent.Marsh",NA,NA,NA
"444",NA,"Natural.Mean High Water Or Apparent.Marsh",NA,NA,"Natural.Mean High Water",NA,"Natural.Mean High Water Or Apparent.Marsh",NA,NA,NA
"445",NA,"Natural.Mean High Water Or Apparent.Marsh",NA,NA,"Natural.Mean High Water",NA,"Natural.Mean High Water Or Apparent.Marsh",NA,NA,NA
"446",NA,"Natural.Mean High Water Or Apparent.Marsh",NA,NA,"Natural.Mean High Water",NA,"Natural.Mean High Water Or Apparent.Marsh",NA,NA,NA
"447",NA,"Natural.Mean High Water Or Apparent.Marsh",NA,NA,"Natural.Mean High Water",NA,"Natural.Mean High Water Or Apparent.Marsh",NA,NA,NA
"448",NA,"Natural.Mean High Water Or Apparent.Marsh",NA,NA,"Natural.Mean High Water",NA,"Natural.Mean High Water Or Apparent.Marsh",NA,NA,NA
"449",NA,"Natural.Mean High Water Or Apparent.Marsh",NA,NA,"Natural.Mean High Water",NA,"Natural.Mean High Water Or Apparent.Marsh",NA,NA,NA
"450",NA,"Natural.Mean High Water Or Apparent.Marsh",NA,NA,"Natural.Mean High Water",NA,"Natural.Mean High Water Or Apparent.Marsh",NA,NA,NA
"451",NA,"Natural.Mean High Water Or Apparent.Marsh",NA,NA,"Natural.Mean High Water",NA,"Natural.Mean High Water Or Apparent.Marsh",NA,NA,NA
"452",NA,"Natural.Mean High Water Or Apparent.Marsh",NA,NA,"Natural.Mean High Water",NA,"Natural.Mean High Water Or Apparent.Marsh",NA,NA,NA
"453",NA,"Natural.Mean High Water Or Apparent.Marsh",NA,NA,"Natural.Mean High Water",NA,"Natural.Mean High Water Or Apparent.Marsh",NA,NA,NA
"454",NA,"Natural.Mean High Water Or Apparent.Marsh",NA,NA,"Natural.Mean High Water",NA,"Natural.Mean High Water Or Apparent.Marsh",NA,NA,NA
"455",NA,"Natural.Mean High Water Or Apparent.Marsh",NA,NA,"Natural.Mean High Water",NA,"Natural.Mean High Water Or Apparent.Marsh",NA,NA,NA
"456",NA,"Natural.Mean High Water Or Apparent.Marsh",NA,NA,"Natural.Mean High Water",NA,"Natural.Mean High Water Or Apparent.Marsh",NA,NA,NA
"457",NA,"Natural.Mean High Water Or Apparent.Marsh",NA,NA,"Natural.Mean High Water",NA,"Natural.Mean High Water Or Apparent.Marsh",NA,NA,NA
"458",NA,"Natural.Mean High Water Or Apparent.Marsh",NA,NA,"Natural.Mean High Water",NA,"Natural.Mean High Water Or Apparent.Marsh",NA,NA,NA
"459",NA,"Natural.Mean High Water Or Apparent.Marsh",NA,NA,"Natural.Mean High Water",NA,"Natural.Mean High Water Or Apparent.Marsh",NA,NA,NA
"460",NA,"Natural.Mean High Water Or Apparent.Marsh",NA,NA,"Natural.Mean High Water",NA,"Natural.Mean High Water Or Apparent.Marsh",NA,NA,NA
"461",NA,"Natural.Mean High Water Or Apparent.Marsh",NA,NA,"Natural.Mean High Water",NA,"Natural.Mean High Water Or Apparent.Marsh",NA,NA,NA
"462",NA,"Natural.Mean High Water Or Apparent.Marsh",NA,NA,"Natural.Mean High Water",NA,"Natural.Mean High Water Or Apparent.Marsh",NA,NA,NA
"463",NA,"Natural.Mean High Water Or Apparent.Marsh",NA,NA,"Natural.Mean High Water",NA,"Natural.Mean High Water Or Apparent.Marsh",NA,NA,NA
"464",NA,"Natural.Mean High Water Or Apparent.Marsh",NA,NA,"Natural.Mean High Water",NA,"Natural.Mean High Water Or Apparent.Marsh",NA,NA,NA
"465",NA,"Natural.Mean High Water Or Apparent.Marsh",NA,NA,"Natural.Mean High Water",NA,"Natural.Mean High Water Or Apparent.Marsh",NA,NA,NA
"466",NA,"Natural.Mean High Water Or Apparent.Marsh",NA,NA,"Natural.Mean High Water",NA,"Natural.Mean High Water Or Apparent.Marsh",NA,NA,NA
"467",NA,"Natural.Mean High Water Or Apparent.Marsh",NA,NA,"Natural.Mean High Water",NA,"Natural.Mean High Water Or Apparent.Marsh",NA,NA,NA
"468",NA,"Natural.Mean High Water Or Apparent.Marsh",NA,NA,"Natural.Mean High Water",NA,"Natural.Mean High Water Or Apparent.Marsh",NA,NA,NA
"469",NA,"Natural.Mean High Water Or Apparent.Marsh",NA,NA,"Natural.Mean High Water",NA,"Natural.Mean High Water Or Apparent.Marsh",NA,NA,NA
"470",NA,"Natural.Mean High Water Or Apparent.Marsh",NA,NA,"Natural.Mean High Water",NA,"Natural.Mean High Water Or Apparent.Marsh",NA,NA,NA
"471",NA,"Natural.Mean High Water Or Apparent.Marsh",NA,NA,"Natural.Mean High Water",NA,"Natural.Mean High Water Or Apparent.Marsh",NA,NA,NA
"472",NA,"Natural.Mean High Water Or Apparent.Marsh",NA,NA,"Natural.Mean High Water",NA,"Natural.Mean High Water Or Apparent.Marsh",NA,NA,NA
"473",NA,"Natural.Mean High Water Or Apparent.Marsh",NA,NA,"Natural.Mean High Water",NA,"Natural.Mean High Water Or Apparent.Marsh",NA,NA,NA
"474",NA,"Natural.Mean High Water Or Apparent.Marsh",NA,NA,"Natural.Mean High Water",NA,"Natural.Mean High Water Or Apparent.Marsh",NA,NA,NA
"475",NA,"Natural.Mean High Water Or Apparent.Marsh",NA,NA,"Natural.Mean High Water",NA,"Natural.Mean High Water Or Apparent.Marsh",NA,NA,NA
"476",NA,"Natural.Mean High Water Or Apparent.Marsh",NA,NA,"Natural.Mean High Water",NA,"Natural.Mean High Water Or Apparent.Marsh",NA,NA,NA
"477",NA,"Natural.Mean High Water Or Apparent.Marsh",NA,NA,"Natural.Mean High Water",NA,"Natural.Mean High Water Or Apparent.Marsh",NA,NA,NA
"478",NA,"Natural.Mean High Water Or Apparent.Marsh",NA,NA,"Natural.Mean High Water",NA,"Natural.Mean High Water Or Apparent.Marsh",NA,NA,NA
"479",NA,"Natural.Mean High Water Or Apparent.Marsh",NA,NA,"Natural.Mean High Water",NA,"Natural.Mean High Water Or Apparent.Marsh",NA,NA,NA
"480",NA,"Natural.Mean High Water Or Apparent.Marsh",NA,NA,"Natural.Mean High Water",NA,"Natural.Mean High Water Or Apparent.Marsh",NA,NA,NA
"481",NA,"Natural.Mean High Water Or Apparent.Marsh",NA,NA,"Natural.Mean High Water",NA,"Natural.Mean High Water Or Apparent.Marsh",NA,NA,NA
"482",NA,"Natural.Mean High Water Or Apparent.Marsh",NA,NA,"Natural.Mean High Water",NA,"Natural.Mean High Water Or Apparent.Marsh",NA,NA,NA
"483",NA,"Natural.Mean High Water Or Apparent.Marsh",NA,NA,"Natural.Mean High Water",NA,"Natural.Mean High Water Or Apparent.Marsh",NA,NA,NA
"484",NA,"Natural.Mean High Water Or Apparent.Marsh",NA,NA,"Natural.Mean High Water",NA,"Natural.Mean High Water Or Apparent.Marsh",NA,NA,NA
"485",NA,"Natural.Mean High Water Or Apparent.Marsh",NA,NA,"Natural.Mean High Water",NA,"Natural.Mean High Water Or Apparent.Marsh",NA,NA,NA
"486",NA,"Natural.Mean High Water Or Apparent.Marsh",NA,NA,"Natural.Mean High Water",NA,"Natural.Mean High Water Or Apparent.Marsh",NA,NA,NA
"487",NA,"Natural.Mean High Water Or Apparent.Marsh",NA,NA,"Natural.Mean High Water",NA,"Natural.Mean High Water Or Apparent.Marsh",NA,NA,NA
"488",NA,"Natural.Mean High Water Or Apparent.Marsh",NA,NA,"Natural.Mean High Water",NA,"Natural.Mean High Water Or Apparent.Marsh",NA,NA,NA
"489",NA,"Natural.Mean High Water Or Apparent.Marsh",NA,NA,"Natural.Mean High Water",NA,"Natural.Mean High Water Or Apparent.Marsh",NA,NA,NA
"490",NA,"Natural.Mean High Water Or Apparent.Marsh",NA,NA,"Natural.Mean High Water",NA,"Natural.Mean High Water Or Apparent.Marsh",NA,NA,NA
"491",NA,"Natural.Mean High Water Or Apparent.Marsh",NA,NA,"Natural.Mean High Water",NA,"Natural.Mean High Water Or Apparent.Marsh",NA,NA,NA
"492",NA,"Natural.Mean High Water Or Apparent.Marsh",NA,NA,"Natural.Mean High Water",NA,"Natural.Mean High Water Or Apparent.Marsh",NA,NA,NA
"493",NA,"Natural.Mean High Water Or Apparent.Marsh",NA,NA,"Natural.Mean High Water",NA,"Natural.Mean High Water Or Apparent.Marsh",NA,NA,NA
"494",NA,"Natural.Mean High Water Or Apparent.Marsh",NA,NA,"Natural.Mean High Water",NA,"Natural.Mean High Water Or Apparent.Marsh",NA,NA,NA
"495",NA,"Natural.Mean High Water Or Apparent.Marsh",NA,NA,"Natural.Mean High Water",NA,"Natural.Mean High Water Or Apparent.Marsh",NA,NA,NA
"496",NA,"Natural.Mean High Water Or Apparent.Marsh",NA,NA,"Natural.Mean High Water",NA,"Natural.Mean High Water Or Apparent.Marsh",NA,NA,NA
"497",NA,"Natural.Mean High Water Or Apparent.Marsh",NA,NA,"Natural.Mean High Water",NA,"Natural.Mean High Water Or Apparent.Marsh",NA,NA,NA
"498",NA,"Natural.Mean High Water Or Apparent.Marsh",NA,NA,"Natural.Mean High Water",NA,"Natural.Mean High Water Or Apparent.Marsh",NA,NA,NA
"499",NA,"Natural.Mean High Water Or Apparent.Marsh",NA,NA,"Natural.Mean High Water",NA,"Natural.Mean High Water Or Apparent.Marsh",NA,NA,NA
"500",NA,"Natural.Mean High Water Or Apparent.Marsh",NA,NA,"Natural.Mean High Water",NA,"Natural.Mean High Water Or Apparent.Marsh",NA,NA,NA
"501",NA,"Natural.Mean High Water Or Apparent.Marsh",NA,NA,"Natural.Mean High Water",NA,"Natural.Mean High Water Or Apparent.Marsh",NA,NA,NA
"502",NA,"Natural.Mean High Water Or Apparent.Marsh",NA,NA,"Natural.Mean High Water",NA,"Natural.Mean High Water Or Apparent.Marsh",NA,NA,NA
"503",NA,"Natural.Mean High Water Or Apparent.Marsh",NA,NA,"Natural.Mean High Water",NA,"Natural.Mean High Water Or Apparent.Marsh",NA,NA,NA
"504",NA,"Natural.Mean High Water Or Apparent.Marsh",NA,NA,"Natural.Mean High Water",NA,"Natural.Mean High Water Or Apparent.Marsh",NA,NA,NA
"505",NA,"Natural.Mean High Water Or Apparent.Marsh",NA,NA,"Natural.Mean High Water",NA,"Natural.Mean High Water Or Apparent.Marsh",NA,NA,NA
"506",NA,"Natural.Mean High Water Or Apparent.Marsh",NA,NA,"Natural.Mean High Water",NA,"Natural.Mean High Water Or Apparent.Marsh",NA,NA,NA
"507",NA,"Natural.Mean High Water Or Apparent.Marsh",NA,NA,"Natural.Mean High Water",NA,"Natural.Mean High Water Or Apparent.Marsh",NA,NA,NA
"508",NA,"Natural.Mean High Water Or Apparent.Marsh",NA,NA,"Natural.Mean High Water",NA,"Natural.Mean High Water Or Apparent.Marsh",NA,NA,NA
"509",NA,"Natural.Mean High Water Or Apparent.Marsh",NA,NA,"Natural.Mean High Water",NA,"Natural.Mean High Water Or Apparent.Marsh",NA,NA,NA
"510",NA,"Natural.Mean High Water Or Apparent.Marsh",NA,NA,"Natural.Mean High Water",NA,"Natural.Mean High Water Or Apparent.Marsh",NA,NA,NA
"511",NA,"Natural.Mean High Water Or Apparent.Marsh",NA,NA,"Natural.Mean High Water",NA,"Natural.Mean High Water Or Apparent.Marsh",NA,NA,NA
"512",NA,"Natural.Mean High Water Or Apparent.Marsh",NA,NA,"Natural.Mean High Water",NA,"Natural.Mean High Water Or Apparent.Marsh",NA,NA,NA
"513",NA,"Natural.Mean High Water Or Apparent.Marsh",NA,NA,"Natural.Mean High Water",NA,"Natural.Mean High Water Or Apparent.Marsh",NA,NA,NA
"514",NA,"Natural.Mean High Water Or Apparent.Marsh",NA,NA,"Natural.Mean High Water",NA,"Natural.Mean High Water Or Apparent.Marsh",NA,NA,NA
"515",NA,"Natural.Mean High Water Or Apparent.Marsh",NA,NA,"Natural.Mean High Water",NA,"Natural.Mean High Water Or Apparent.Marsh",NA,NA,NA
"516",NA,"Natural.Mean High Water Or Apparent.Marsh",NA,NA,"Natural.Mean High Water",NA,"Natural.Mean High Water Or Apparent.Marsh",NA,NA,NA
"517",NA,"Natural.Mean High Water Or Apparent.Marsh",NA,NA,"Natural.Mean High Water",NA,"Natural.Mean High Water Or Apparent.Marsh",NA,NA,NA
"518",NA,"Natural.Mean High Water Or Apparent.Marsh",NA,NA,"Natural.Mean High Water",NA,"Natural.Mean High Water Or Apparent.Marsh",NA,NA,NA
"519",NA,"Natural.Mean High Water Or Apparent.Marsh",NA,NA,"Natural.Mean High Water",NA,"Natural.Mean High Water Or Apparent.Marsh",NA,NA,NA
"520",NA,"Natural.Mean High Water Or Apparent.Marsh",NA,NA,"Natural.Mean High Water",NA,"Natural.Mean High Water Or Apparent.Marsh",NA,NA,NA
"521",NA,"Natural.Mean High Water Or Apparent.Marsh",NA,NA,"Natural.Mean High Water",NA,"Natural.Mean High Water Or Apparent.Marsh",NA,NA,NA
"522",NA,"Natural.Mean High Water Or Apparent.Marsh",NA,NA,"Natural.Mean High Water",NA,"Natural.Mean High Water Or Apparent.Marsh",NA,NA,NA
"523",NA,"Natural.Mean High Water Or Apparent.Marsh",NA,NA,"Natural.Mean High Water",NA,"Natural.Mean High Water Or Apparent.Marsh",NA,NA,NA
"524",NA,"Natural.Mean High Water Or Apparent.Marsh",NA,NA,"Natural.Mean High Water",NA,"Natural.Mean High Water Or Apparent.Marsh",NA,NA,NA
"525",NA,"Natural.Mean High Water Or Apparent.Marsh",NA,NA,"Natural.Mean High Water",NA,"Natural.Mean High Water Or Apparent.Marsh",NA,NA,NA
"526",NA,"Natural.Mean High Water Or Apparent.Marsh",NA,NA,"Natural.Mean High Water",NA,"Natural.Mean High Water Or Apparent.Marsh",NA,NA,NA
"527",NA,"Natural.Mean High Water Or Apparent.Marsh",NA,NA,"Natural.Mean High Water",NA,"Natural.Mean High Water Or Apparent.Marsh",NA,NA,NA
"528",NA,"Natural.Mean High Water Or Apparent.Marsh",NA,NA,"Natural.Mean High Water",NA,"Natural.Mean High Water Or Apparent.Marsh",NA,NA,NA
"529",NA,"Natural.Mean High Water Or Apparent.Marsh",NA,NA,"Natural.Mean High Water",NA,"Natural.Mean High Water Or Apparent.Marsh",NA,NA,NA
"530",NA,"Natural.Mean High Water Or Apparent.Marsh",NA,NA,"Natural.Mean High Water",NA,"Natural.Mean High Water Or Apparent.Marsh",NA,NA,NA
"531",NA,"Natural.Mean High Water Or Apparent.Marsh",NA,NA,"Natural.Mean High Water",NA,"Natural.Mean High Water Or Apparent.Marsh",NA,NA,NA
"532",NA,"Natural.Mean High Water Or Apparent.Marsh",NA,NA,"Natural.Mean High Water",NA,"Natural.Mean High Water Or Apparent.Marsh",NA,NA,NA
"533",NA,"Natural.Mean High Water Or Apparent.Marsh",NA,NA,"Natural.Mean High Water",NA,"Natural.Mean High Water Or Apparent.Marsh",NA,NA,NA
"534",NA,"Natural.Mean High Water Or Apparent.Marsh",NA,NA,"Natural.Mean High Water",NA,"Natural.Mean High Water Or Apparent.Marsh",NA,NA,NA
"535",NA,"Natural.Mean High Water Or Apparent.Marsh",NA,NA,"Natural.Mean High Water",NA,"Natural.Mean High Water Or Apparent.Marsh",NA,NA,NA
"536",NA,"Natural.Mean High Water Or Apparent.Marsh",NA,NA,"Natural.Mean High Water",NA,"Natural.Mean High Water Or Apparent.Marsh",NA,NA,NA
"537",NA,"Natural.Mean High Water Or Apparent.Marsh",NA,NA,"Natural.Mean High Water",NA,"Natural.Mean High Water Or Apparent.Marsh",NA,NA,NA
"538",NA,"Natural.Mean High Water Or Apparent.Marsh",NA,NA,"Natural.Mean High Water",NA,"Natural.Mean High Water Or Apparent.Marsh",NA,NA,NA
"539",NA,"Natural.Mean High Water Or Apparent.Marsh",NA,NA,"Natural.Mean High Water",NA,"Natural.Mean High Water Or Apparent.Marsh",NA,NA,NA
"540",NA,"Natural.Mean High Water Or Apparent.Marsh",NA,NA,"Natural.Mean High Water",NA,"Natural.Mean High Water Or Apparent.Marsh",NA,NA,NA
"541",NA,"Natural.Mean High Water Or Apparent.Marsh",NA,NA,"Natural.Mean High Water",NA,"Natural.Mean High Water Or Apparent.Marsh",NA,NA,NA
"542",NA,"Natural.Mean High Water Or Apparent.Marsh",NA,NA,"Natural.Mean High Water",NA,"Natural.Mean High Water Or Apparent.Marsh",NA,NA,NA
"543",NA,"Natural.Mean High Water Or Apparent.Marsh",NA,NA,"Natural.Mean High Water",NA,"Natural.Mean High Water Or Apparent.Marsh",NA,NA,NA
"544",NA,"Natural.Mean High Water Or Apparent.Marsh",NA,NA,"Natural.Mean High Water",NA,"Natural.Mean High Water Or Apparent.Marsh",NA,NA,NA
"545",NA,"Natural.Mean High Water Or Apparent.Marsh",NA,NA,"Natural.Mean High Water",NA,"Natural.Mean High Water Or Apparent.Marsh",NA,NA,NA
"546",NA,"Natural.Mean High Water Or Apparent.Marsh",NA,NA,"Natural.Mean High Water",NA,"Natural.Mean High Water Or Apparent.Marsh",NA,NA,NA
"547",NA,"Natural.Mean High Water Or Apparent.Marsh",NA,NA,"Natural.Mean High Water",NA,"Natural.Mean High Water Or Apparent.Marsh",NA,NA,NA
"548",NA,"Natural.Mean High Water Or Apparent.Marsh",NA,NA,"Natural.Mean High Water",NA,"Natural.Mean High Water Or Apparent.Marsh",NA,NA,NA
"549",NA,"Natural.Mean High Water Or Apparent.Marsh",NA,NA,"Natural.Mean High Water",NA,"Natural.Mean High Water Or Apparent.Marsh",NA,NA,NA
"550",NA,"Natural.Mean High Water Or Apparent.Marsh",NA,NA,"Natural.Mean High Water",NA,"Natural.Mean High Water Or Apparent.Marsh",NA,NA,NA
"551",NA,"Natural.Mean High Water Or Apparent.Marsh",NA,NA,"Natural.Mean High Water",NA,"Natural.Mean High Water Or Apparent.Marsh",NA,NA,NA
"552",NA,"Natural.Mean High Water Or Apparent.Marsh",NA,NA,"Natural.Mean High Water",NA,"Natural.Mean High Water Or Apparent.Marsh",NA,NA,NA
"553",NA,"Natural.Mean High Water Or Apparent.Marsh",NA,NA,"Natural.Mean High Water",NA,"Natural.Mean High Water Or Apparent.Marsh",NA,NA,NA
"554",NA,"Natural.Mean High Water Or Apparent.Marsh",NA,NA,"Natural.Mean High Water",NA,"Natural.Mean High Water Or Apparent.Marsh",NA,NA,NA
"555",NA,"Natural.Mean High Water Or Apparent.Marsh",NA,NA,"Natural.Mean High Water",NA,"Natural.Mean High Water Or Apparent.Marsh",NA,NA,NA
"556",NA,"Natural.Mean High Water Or Apparent.Marsh",NA,NA,"Natural.Mean High Water",NA,"Natural.Mean High Water Or Apparent.Marsh",NA,NA,NA
"557",NA,"Natural.Mean High Water Or Apparent.Marsh",NA,NA,"Natural.Mean High Water",NA,"Natural.Mean High Water Or Apparent.Marsh",NA,NA,NA
"558",NA,"Natural.Mean High Water Or Apparent.Marsh",NA,NA,"Natural.Mean High Water",NA,"Natural.Mean High Water Or Apparent.Marsh",NA,NA,NA
"559",NA,"Natural.Mean High Water Or Apparent.Marsh",NA,NA,"Natural.Mean High Water",NA,"Natural.Mean High Water Or Apparent.Marsh",NA,NA,NA
"560",NA,"Natural.Mean High Water Or Apparent.Marsh",NA,NA,"Natural.Mean High Water",NA,"Natural.Mean High Water Or Apparent.Marsh",NA,NA,NA
"561",NA,"Natural.Mean High Water Or Apparent.Marsh",NA,NA,"Natural.Mean High Water",NA,"Natural.Mean High Water Or Apparent.Marsh",NA,NA,NA
"562",NA,"Natural.Mean High Water Or Apparent.Marsh",NA,NA,"Natural.Mean High Water",NA,"Natural.Mean High Water Or Apparent.Marsh",NA,NA,NA
"563",NA,"Natural.Mean High Water Or Apparent.Marsh",NA,NA,"Natural.Mean High Water",NA,"Natural.Mean High Water Or Apparent.Marsh",NA,NA,NA
"564",NA,"Natural.Mean High Water Or Apparent.Marsh",NA,NA,"Natural.Mean High Water",NA,"Natural.Mean High Water Or Apparent.Marsh",NA,NA,NA
"565",NA,"Natural.Mean High Water Or Apparent.Marsh",NA,NA,"Natural.Mean High Water",NA,"Natural.Mean High Water Or Apparent.Marsh",NA,NA,NA
"566",NA,"Natural.Mean High Water Or Apparent.Marsh",NA,NA,"Natural.Mean High Water",NA,"Natural.Mean High Water Or Apparent.Marsh",NA,NA,NA
"567",NA,"Natural.Mean High Water Or Apparent.Marsh",NA,NA,"Natural.Mean High Water",NA,"Natural.Mean High Water Or Apparent.Marsh",NA,NA,NA
"568",NA,"Natural.Mean High Water Or Apparent.Marsh",NA,NA,"Natural.Mean High Water",NA,"Natural.Mean High Water Or Apparent.Marsh",NA,NA,NA
"569",NA,"Natural.Mean High Water Or Apparent.Marsh",NA,NA,"Natural.Mean High Water",NA,"Natural.Mean High Water Or Apparent.Marsh",NA,NA,NA
"570",NA,"Natural.Mean High Water Or Apparent.Marsh",NA,NA,"Natural.Mean High Water",NA,"Natural.Mean High Water Or Apparent.Marsh",NA,NA,NA
"571",NA,"Natural.Mean High Water Or Apparent.Marsh",NA,NA,"Natural.Mean High Water",NA,"Natural.Mean High Water Or Apparent.Marsh",NA,NA,NA
"572",NA,"Natural.Mean High Water Or Apparent.Marsh",NA,NA,"Natural.Mean High Water",NA,"Natural.Mean High Water Or Apparent.Marsh",NA,NA,NA
"573",NA,"Natural.Mean High Water Or Apparent.Marsh",NA,NA,"Natural.Mean High Water",NA,"Natural.Mean High Water Or Apparent.Marsh",NA,NA,NA
"574",NA,"Natural.Mean High Water Or Apparent.Marsh",NA,NA,"Natural.Mean High Water",NA,"Natural.Mean High Water Or Apparent.Marsh",NA,NA,NA
"575",NA,"Natural.Mean High Water Or Apparent.Marsh",NA,NA,"Natural.Mean High Water",NA,"Natural.Mean High Water Or Apparent.Marsh",NA,NA,NA
"576",NA,"Natural.Mean High Water Or Apparent.Marsh",NA,NA,"Natural.Mean High Water",NA,"Natural.Mean High Water Or Apparent.Marsh",NA,NA,NA
"577",NA,"Natural.Mean High Water Or Apparent.Marsh",NA,NA,"Natural.Mean High Water",NA,"Natural.Mean High Water Or Apparent.Marsh",NA,NA,NA
"578",NA,"Natural.Mean High Water Or Apparent.Marsh",NA,NA,"Natural.Mean High Water",NA,"Natural.Mean High Water Or Apparent.Marsh",NA,NA,NA
"579",NA,"Natural.Mean High Water Or Apparent.Marsh",NA,NA,"Natural.Mean High Water",NA,"Natural.Mean High Water Or Apparent.Marsh",NA,NA,NA
"580",NA,"Natural.Mean High Water Or Apparent.Marsh",NA,NA,"Natural.Mean High Water",NA,"Natural.Mean High Water Or Apparent.Marsh",NA,NA,NA
"581",NA,"Natural.Mean High Water Or Apparent.Marsh",NA,NA,"Natural.Mean High Water",NA,"Natural.Mean High Water Or Apparent.Marsh",NA,NA,NA
"582",NA,"Natural.Mean High Water Or Apparent.Marsh",NA,NA,"Natural.Mean High Water",NA,"Natural.Mean High Water Or Apparent.Marsh",NA,NA,NA
"583",NA,"Natural.Mean High Water Or Apparent.Marsh",NA,NA,"Natural.Mean High Water",NA,"Natural.Mean High Water Or Apparent.Marsh",NA,NA,NA
"584",NA,"Natural.Mean High Water Or Apparent.Marsh",NA,NA,"Natural.Mean High Water",NA,"Natural.Mean High Water Or Apparent.Marsh",NA,NA,NA
"585",NA,"Natural.Mean High Water Or Apparent.Marsh",NA,NA,"Natural.Mean High Water",NA,"Natural.Mean High Water Or Apparent.Marsh",NA,NA,NA
"586",NA,"Natural.Mean High Water Or Apparent.Marsh",NA,NA,"Natural.Mean High Water",NA,"Natural.Mean High Water Or Apparent.Marsh",NA,NA,NA
